,Unnamed: 0,model,number_of_genes,number_of_reactions,nullity,id,ID,name1,name2,grow,modelredWorked,taxid,taxname,species,SEEDId,speciesSynonym,HabitatPrimary,Temperature,Oxygen,Gram,Microbiome,GTDB_Phylum,GTDB_Class,GTDB_Order,NCBI_Phylum,NCBI_Class,NCBI_Order,GenomeSize,ProteinCount,Taxonomy,habID,MDID,GTDBID,hasHabitatPrimary,isFresh_water,isHost,isHuman,isMarine,isOther,isSoil,hasTemperature,isMesophile,isPsychrophile,isThermophile,hasOxygen,isAerobe,isAnaerobe,isFacultative,hasGram,isNegative,isPositive,hasTaxonomy,isActinobacteria,isAlphaproteobacteria,isAquificae,isBacteroidetes,isBetaproteobacteria,isChlamydiae,isChlorobi,isDeinococcus-Thermus,isDeltaproteobacteria,isEpsilonproteobacteria,isFirmicutes,isGammaproteobacteria,isSpirochaetes,isTenericutes
0,0,322_B/Seed575585.3.796.xml,876,1634,368,Seed575585,255,Seed575585,model255,True,1,575585,Acinetobacter calcoaceticus RUH2202,Acinetobacter calcoaceticus,575585.3,"Acinetobacter calcoaceticus RUH2202, Acinetobacter calcoaceticus strain RUH2202, Acinetobacter calcoaceticus str. RUH2202",,,,,,Proteobacteria,Gammaproteobacteria,Pseudomonadales,Proteobacteria,Gammaproteobacteria,Pseudomonadales,3881790,3585,Gammaproteobacteria,,,RS_GCF_000162035.1,False,False,False,False,False,False,False,False,False,False,False,False,False,False,False,False,False,False,True,False,False,False,False,False,False,False,False,False,False,False,True,False,False
1,0,322_B/Seed314289.8.796.xml,766,1530,336,Seed314289,120,Seed314289,model120,True,1,314289,Vibrio sp.AND4,Vibrio sp.AND4,314289.8,"Vibrio campbellii AND4, Vibrio campbellii strain AND4, Vibrio campbellii str. AND4, Vibrio cf. harveyi AND4, Vibrio sp. AND4",,,,,,Proteobacteria,Gammaproteobacteria,Enterobacterales,Proteobacteria,Gammaproteobacteria,Vibrionales,4255798,3839,Gammaproteobacteria,,,RS_GCF_000171815.1,False,False,False,False,False,False,False,False,False,False,False,False,False,False,False,False,False,False,True,False,False,False,False,False,False,False,False,False,False,False,True,False,False
2,0,322_B/Seed641147.3.796.xml,545,1282,240,Seed641147,279,Seed641147,model280,True,1,641147,Simonsiella muelleri ATCC 29453,Simonsiella muelleri,641147.3,"Simonsiella muelleri ATCC 29453, Simonsiella muelleri strain ATCC 29453, Simonsiella muelleri str. ATCC 29453",,,,Negative,Positive,Proteobacteria,Gammaproteobacteria,Burkholderiales,Proteobacteria,Betaproteobacteria,Neisseriales,2469862,2403,Betaproteobacteria,,4363.0,RS_GCF_002951835.1,False,False,False,False,False,False,False,False,False,False,False,False,False,False,False,True,True,False,True,False,False,False,False,True,False,False,False,False,False,False,False,False,False
3,0,322_B/Seed342610.3.796.xml,852,1635,355,Seed342610,144,Seed342610,model144,True,1,342610,Pseudoalteromonas atlantica T6c,Pseudoalteromonas atlantica,342610.3,"Pseudoalteromonas atlantica strain T6c, Pseudoalteromonas atlantica str. T6c, Pseudoalteromonas atlantica T6c",Fresh water,Mesophile,Aerobe,Negative,,Proteobacteria,Gammaproteobacteria,Enterobacterales,Proteobacteria,Gammaproteobacteria,Alteromonadales,5187005,4414,Gammaproteobacteria,941.0,1715.0,RS_GCF_000014225.1,True,True,False,False,False,False,False,True,True,False,False,True,True,False,False,True,True,False,True,False,False,False,False,False,False,False,False,False,False,False,True,False,False
4,0,322_B/Seed205918.4.796.xml,1011,1739,398,Seed205918,26,Seed205918,model26,True,1,205918,Pseudomonas syringae pv. syringae B728a,Pseudomonas syringae,205918.4,"Pseudomonas syringae pv. syringae B728a, Pseudomonas syringae pv. syringae strain B728a, Pseudomonas syringae pv. syringae str. B728a",Other,Mesophile,Aerobe,Negative,Negative,Proteobacteria,Gammaproteobacteria,Pseudomonadales,Proteobacteria,Gammaproteobacteria,Pseudomonadales,6093698,5207,Gammaproteobacteria,964.0,182.0,RS_GCF_000012245.1,True,False,False,False,False,True,False,True,True,False,False,True,True,False,False,True,True,False,True,False,False,False,False,False,False,False,False,False,False,False,True,False,False
5,0,322_B/Seed714995.3.796.xml,744,1575,343,Seed714995,300,Seed714995,model301,True,1,714995,Komagataeibacter hansenii ATCC 23769,Komagataeibacter hansenii,714995.3,"Acetobacter sp. LMG 1524, Gluconacetobacter hansenii ATCC 23769, Gluconacetobacter hansenii LMG 1524, Gluconacetobacter hansenii NBRC 14816, Gluconacetobacter hansenii NCIB 8246, Gluconacetobacter hansenii NCIMB 8246, Gluconacetobacter hansenii strain ATCC 23769, Gluconacetobacter hansenii str. ATCC 23769, Komagataeibacter hansenii ATCC 23769",,,,,,Proteobacteria,Alphaproteobacteria,Acetobacterales,Proteobacteria,Alphaproteobacteria,Rhodospirillales,3636659,3191,Alphaproteobacteria,,,RS_GCF_000164395.1,False,False,False,False,False,False,False,False,False,False,False,False,False,False,False,False,False,False,True,False,True,False,False,False,False,False,False,False,False,False,False,False,False
6,0,322_B/Seed516466.4.796.xml,1516,1990,452,Seed516466,225,Seed516466,model225,True,1,516466,Burkholderia sp.H160,Burkholderia sp.H160,516466.4,Burkholderia sp. H160,,,,,,Proteobacteria,Gammaproteobacteria,Burkholderiales,Proteobacteria,Betaproteobacteria,Burkholderiales,7893354,7416,Betaproteobacteria,,,GB_GCA_000173575.1,False,False,False,False,False,False,False,False,False,False,False,False,False,False,False,False,False,False,True,False,False,False,False,True,False,False,False,False,False,False,False,False,False
7,0,322_B/Seed556267.4.796.xml,496,1080,186,Seed556267,247,Seed556267,model247,True,1,556267,Helicobacter winghamensis ATCC BAA-430,Helicobacter winghamensis,556267.4,"Helicobacter winghamensis ATCC BAA-430, Helicobacter winghamensis strain ATCC BAA-430, Helicobacter winghamensis str. ATCC BAA-430",,,,,,Campylobacterota,Campylobacteria,Campylobacterales,Proteobacteria,Epsilonproteobacteria,Campylobacterales,1690216,1683,Epsilonproteobacteria,,3701.0,RS_GCF_000158455.1,False,False,False,False,False,False,False,False,False,False,False,False,False,False,False,False,False,False,True,False,False,False,False,False,False,False,False,False,True,False,False,False,False
8,0,322_B/Seed757424.7.796.xml,1159,1731,400,Seed757424,306,Seed757424,model307,True,1,757424,Herbaspirillum seropedicae SmR1,Herbaspirillum seropedicae,757424.7,"Herbaspirillum seropedicae SmR1, Herbaspirillum seropedicae strain SmR1, Herbaspirillum seropedicae str. SmR1","Host,Soil",Mesophile,Aerobe,Negative,Negative,Proteobacteria,Gammaproteobacteria,Burkholderiales,Proteobacteria,Betaproteobacteria,Burkholderiales,5513887,4762,Betaproteobacteria,624.0,4232.0,RS_GCF_000143225.1,True,False,True,False,False,False,True,True,True,False,False,True,True,False,False,True,True,False,True,False,False,False,False,True,False,False,False,False,False,False,False,False,False
9,0,322_B/Seed467661.3.796.xml,936,1549,337,Seed467661,213,Seed467661,model213,True,1,467661,Rhodobacteraceae bacterium KLH11,Rhodobacteraceae bacterium,467661.3,"Rhodobacteraceae bacterium KLH11, Rhodobacteraceae bacterium strain KLH11, Rhodobacteraceae bacterium str. KLH11, Rhodobacterales bacterium KLH11",,,,Negative,Negative,Proteobacteria,Alphaproteobacteria,Rhodobacterales,Proteobacteria,Alphaproteobacteria,Rhodobacterales,4487498,4375,Alphaproteobacteria,,4269.0,RS_GCF_000158135.1,False,False,False,False,False,False,False,False,False,False,False,False,False,False,False,True,True,False,True,False,True,False,False,False,False,False,False,False,False,False,False,False,False
10,0,322_B/Seed317655.17.796.xml,751,1445,314,Seed317655,124,Seed317655,model124,True,1,317655,Sphingopyxis alaskensis RB2256,Sphingopyxis alaskensis,317655.17,"Sphingopyxis alaskensis RB2256, Sphingopyxis alaskensis strain RB2256, Sphingopyxis alaskensis str. RB2256",Marine,Mesophile,Aerobe,Negative,,Proteobacteria,Alphaproteobacteria,Sphingomonadales,Proteobacteria,Alphaproteobacteria,Sphingomonadales,3373713,3240,Alphaproteobacteria,1114.0,4700.0,RS_GCF_000013985.1,True,False,False,False,True,False,False,True,True,False,False,True,True,False,False,True,True,False,True,False,True,False,False,False,False,False,False,False,False,False,False,False,False
11,0,322_B/Seed161544.4.796.xml,772,1580,359,Seed161544,11,Seed161544,model11,True,1,161544,Bacillus sp.SG-1,Bacillus sp.SG-1,161544.4,Bacillus sp. SG-1,,,,,,Firmicutes,Bacilli,Bacillales_B,Firmicutes,Bacilli,Bacillales,3948965,4030,Firmicutes,,,RS_GCF_000181495.1,False,False,False,False,False,False,False,False,False,False,False,False,False,False,False,False,False,False,True,False,False,False,False,False,False,False,False,False,False,True,False,False,False
12,0,322_B/Seed517417.4.796.xml,591,1162,182,Seed517417,226,Seed517417,model226,True,1,517417,Chlorobaculum parvum NCIB 8327,Chlorobaculum parvum,517417.4,"Chlorobaculum parvum NCIB 8327, Chlorobaculum parvum strain NCIB 8327, Chlorobaculum parvum str. NCIB 8327",Fresh water,Mesophile,Facultative,,Negative,Bacteroidota,Chlorobia,Chlorobiales,Chlorobi,Chlorobia,Chlorobiales,2289249,2100,Chlorobi,325.0,5049.0,RS_GCF_000020505.1,True,True,False,False,False,False,False,True,True,False,False,True,False,False,True,False,False,False,True,False,False,False,False,False,False,True,False,False,False,False,False,False,False
13,0,322_B/Seed271848.6.796.xml,1239,1841,415,Seed271848,87,Seed271848,model87,True,1,271848,Burkholderia thailandensis E264,Burkholderia thailandensis,271848.6,"Burkholderia thailandensis ATCC 700388, Burkholderia thailandensis E264, Burkholderia thailandensis strain E264, Burkholderia thailandensis str. E264",Soil,Mesophile,Aerobe,Negative,Positive,Proteobacteria,Gammaproteobacteria,Burkholderiales,Proteobacteria,Betaproteobacteria,Burkholderiales,6354340,5397,Betaproteobacteria,231.0,5857.0,RS_GCF_000152285.1,True,False,False,False,False,False,True,True,True,False,False,True,True,False,False,True,True,False,True,False,False,False,False,True,False,False,False,False,False,False,False,False,False
14,0,322_B/Seed762051.3.796.xml,623,1330,252,Seed762051,309,Seed762051,model310,True,1,762051,Leuconostoc kimchii IMSNU 11154,Leuconostoc kimchii,762051.3,"Leuconostoc kimchii IMSNU 11154, Leuconostoc kimchii strain IMSNU 11154, Leuconostoc kimchii str. IMSNU 11154",,Psychrophile,Facultative,Positive,,Firmicutes,Bacilli,Lactobacillales,Firmicutes,Bacilli,Lactobacillales,2101787,2089,Firmicutes,712.0,7065.0,RS_GCF_000092505.1,False,False,False,False,False,False,False,True,False,True,False,True,False,False,True,True,False,True,True,False,False,False,False,False,False,False,False,False,False,True,False,False,False
15,0,322_B/Seed351746.4.796.xml,1167,1893,468,Seed351746,150,Seed351746,model150,True,1,351746,Pseudomonas putida F1,Pseudomonas putida,351746.4,"Pseudomonas putida F1, Pseudomonas putida strain F1, Pseudomonas putida str. F1",Soil,Mesophile,Aerobe,Negative,,Proteobacteria,Gammaproteobacteria,Pseudomonadales,Proteobacteria,Gammaproteobacteria,Pseudomonadales,5959964,5294,Gammaproteobacteria,957.0,2182.0,RS_GCF_000016865.1,True,False,False,False,False,False,True,True,True,False,False,True,True,False,False,True,True,False,True,False,False,False,False,False,False,False,False,False,False,False,True,False,False
16,0,322_B/Seed500635.8.796.xml,696,1371,262,Seed500635,221,Seed500635,model221,True,1,500635,Mitsuokella multacida DSM 20544,Mitsuokella multacida,500635.8,"Mitsuokella multacida DSM 20544, Mitsuokella multacida NCTC 10934, Mitsuokella multacida strain DSM 20544, Mitsuokella multacida str. DSM 20544",,,,Negative,Positive,Firmicutes_C,Negativicutes,Selenomonadales,Firmicutes,Negativicutes,Selenomonadales,2577056,2302,Firmicutes,,2519.0,RS_GCF_000155955.1,False,False,False,False,False,False,False,False,False,False,False,False,False,False,False,True,True,False,True,False,False,False,False,False,False,False,False,False,False,True,False,False,False
17,0,322_B/Seed575585.3.796.xml,876,1634,368,Seed575585,255,Seed575585,model255,True,1,575585,Acinetobacter calcoaceticus RUH2202,Acinetobacter calcoaceticus,575585.3,"Acinetobacter calcoaceticus RUH2202, Acinetobacter calcoaceticus strain RUH2202, Acinetobacter calcoaceticus str. RUH2202",,,,,,Proteobacteria,Gammaproteobacteria,Pseudomonadales,Proteobacteria,Gammaproteobacteria,Pseudomonadales,3881790,3585,Gammaproteobacteria,,,RS_GCF_000162035.1,False,False,False,False,False,False,False,False,False,False,False,False,False,False,False,False,False,False,True,False,False,False,False,False,False,False,False,False,False,False,True,False,False
18,0,322_B/Seed314289.8.796.xml,766,1530,336,Seed314289,120,Seed314289,model120,True,1,314289,Vibrio sp.AND4,Vibrio sp.AND4,314289.8,"Vibrio campbellii AND4, Vibrio campbellii strain AND4, Vibrio campbellii str. AND4, Vibrio cf. harveyi AND4, Vibrio sp. AND4",,,,,,Proteobacteria,Gammaproteobacteria,Enterobacterales,Proteobacteria,Gammaproteobacteria,Vibrionales,4255798,3839,Gammaproteobacteria,,,RS_GCF_000171815.1,False,False,False,False,False,False,False,False,False,False,False,False,False,False,False,False,False,False,True,False,False,False,False,False,False,False,False,False,False,False,True,False,False
19,0,322_B/Seed641147.3.796.xml,545,1282,240,Seed641147,279,Seed641147,model280,True,1,641147,Simonsiella muelleri ATCC 29453,Simonsiella muelleri,641147.3,"Simonsiella muelleri ATCC 29453, Simonsiella muelleri strain ATCC 29453, Simonsiella muelleri str. ATCC 29453",,,,Negative,Positive,Proteobacteria,Gammaproteobacteria,Burkholderiales,Proteobacteria,Betaproteobacteria,Neisseriales,2469862,2403,Betaproteobacteria,,4363.0,RS_GCF_002951835.1,False,False,False,False,False,False,False,False,False,False,False,False,False,False,False,True,True,False,True,False,False,False,False,True,False,False,False,False,False,False,False,False,False
20,0,322_B/Seed342610.3.796.xml,852,1635,355,Seed342610,144,Seed342610,model144,True,1,342610,Pseudoalteromonas atlantica T6c,Pseudoalteromonas atlantica,342610.3,"Pseudoalteromonas atlantica strain T6c, Pseudoalteromonas atlantica str. T6c, Pseudoalteromonas atlantica T6c",Fresh water,Mesophile,Aerobe,Negative,,Proteobacteria,Gammaproteobacteria,Enterobacterales,Proteobacteria,Gammaproteobacteria,Alteromonadales,5187005,4414,Gammaproteobacteria,941.0,1715.0,RS_GCF_000014225.1,True,True,False,False,False,False,False,True,True,False,False,True,True,False,False,True,True,False,True,False,False,False,False,False,False,False,False,False,False,False,True,False,False
21,0,322_B/Seed205918.4.796.xml,1011,1739,398,Seed205918,26,Seed205918,model26,True,1,205918,Pseudomonas syringae pv. syringae B728a,Pseudomonas syringae,205918.4,"Pseudomonas syringae pv. syringae B728a, Pseudomonas syringae pv. syringae strain B728a, Pseudomonas syringae pv. syringae str. B728a",Other,Mesophile,Aerobe,Negative,Negative,Proteobacteria,Gammaproteobacteria,Pseudomonadales,Proteobacteria,Gammaproteobacteria,Pseudomonadales,6093698,5207,Gammaproteobacteria,964.0,182.0,RS_GCF_000012245.1,True,False,False,False,False,True,False,True,True,False,False,True,True,False,False,True,True,False,True,False,False,False,False,False,False,False,False,False,False,False,True,False,False
22,0,322_B/Seed714995.3.796.xml,744,1575,343,Seed714995,300,Seed714995,model301,True,1,714995,Komagataeibacter hansenii ATCC 23769,Komagataeibacter hansenii,714995.3,"Acetobacter sp. LMG 1524, Gluconacetobacter hansenii ATCC 23769, Gluconacetobacter hansenii LMG 1524, Gluconacetobacter hansenii NBRC 14816, Gluconacetobacter hansenii NCIB 8246, Gluconacetobacter hansenii NCIMB 8246, Gluconacetobacter hansenii strain ATCC 23769, Gluconacetobacter hansenii str. ATCC 23769, Komagataeibacter hansenii ATCC 23769",,,,,,Proteobacteria,Alphaproteobacteria,Acetobacterales,Proteobacteria,Alphaproteobacteria,Rhodospirillales,3636659,3191,Alphaproteobacteria,,,RS_GCF_000164395.1,False,False,False,False,False,False,False,False,False,False,False,False,False,False,False,False,False,False,True,False,True,False,False,False,False,False,False,False,False,False,False,False,False
23,0,322_B/Seed516466.4.796.xml,1516,1990,452,Seed516466,225,Seed516466,model225,True,1,516466,Burkholderia sp.H160,Burkholderia sp.H160,516466.4,Burkholderia sp. H160,,,,,,Proteobacteria,Gammaproteobacteria,Burkholderiales,Proteobacteria,Betaproteobacteria,Burkholderiales,7893354,7416,Betaproteobacteria,,,GB_GCA_000173575.1,False,False,False,False,False,False,False,False,False,False,False,False,False,False,False,False,False,False,True,False,False,False,False,True,False,False,False,False,False,False,False,False,False
24,0,322_B/Seed556267.4.796.xml,496,1080,186,Seed556267,247,Seed556267,model247,True,1,556267,Helicobacter winghamensis ATCC BAA-430,Helicobacter winghamensis,556267.4,"Helicobacter winghamensis ATCC BAA-430, Helicobacter winghamensis strain ATCC BAA-430, Helicobacter winghamensis str. ATCC BAA-430",,,,,,Campylobacterota,Campylobacteria,Campylobacterales,Proteobacteria,Epsilonproteobacteria,Campylobacterales,1690216,1683,Epsilonproteobacteria,,3701.0,RS_GCF_000158455.1,False,False,False,False,False,False,False,False,False,False,False,False,False,False,False,False,False,False,True,False,False,False,False,False,False,False,False,False,True,False,False,False,False
25,0,322_B/Seed757424.7.796.xml,1159,1731,400,Seed757424,306,Seed757424,model307,True,1,757424,Herbaspirillum seropedicae SmR1,Herbaspirillum seropedicae,757424.7,"Herbaspirillum seropedicae SmR1, Herbaspirillum seropedicae strain SmR1, Herbaspirillum seropedicae str. SmR1","Host,Soil",Mesophile,Aerobe,Negative,Negative,Proteobacteria,Gammaproteobacteria,Burkholderiales,Proteobacteria,Betaproteobacteria,Burkholderiales,5513887,4762,Betaproteobacteria,624.0,4232.0,RS_GCF_000143225.1,True,False,True,False,False,False,True,True,True,False,False,True,True,False,False,True,True,False,True,False,False,False,False,True,False,False,False,False,False,False,False,False,False
26,0,322_B/Seed467661.3.796.xml,936,1549,337,Seed467661,213,Seed467661,model213,True,1,467661,Rhodobacteraceae bacterium KLH11,Rhodobacteraceae bacterium,467661.3,"Rhodobacteraceae bacterium KLH11, Rhodobacteraceae bacterium strain KLH11, Rhodobacteraceae bacterium str. KLH11, Rhodobacterales bacterium KLH11",,,,Negative,Negative,Proteobacteria,Alphaproteobacteria,Rhodobacterales,Proteobacteria,Alphaproteobacteria,Rhodobacterales,4487498,4375,Alphaproteobacteria,,4269.0,RS_GCF_000158135.1,False,False,False,False,False,False,False,False,False,False,False,False,False,False,False,True,True,False,True,False,True,False,False,False,False,False,False,False,False,False,False,False,False
27,0,322_B/Seed317655.17.796.xml,751,1445,314,Seed317655,124,Seed317655,model124,True,1,317655,Sphingopyxis alaskensis RB2256,Sphingopyxis alaskensis,317655.17,"Sphingopyxis alaskensis RB2256, Sphingopyxis alaskensis strain RB2256, Sphingopyxis alaskensis str. RB2256",Marine,Mesophile,Aerobe,Negative,,Proteobacteria,Alphaproteobacteria,Sphingomonadales,Proteobacteria,Alphaproteobacteria,Sphingomonadales,3373713,3240,Alphaproteobacteria,1114.0,4700.0,RS_GCF_000013985.1,True,False,False,False,True,False,False,True,True,False,False,True,True,False,False,True,True,False,True,False,True,False,False,False,False,False,False,False,False,False,False,False,False
28,0,322_B/Seed161544.4.796.xml,772,1580,359,Seed161544,11,Seed161544,model11,True,1,161544,Bacillus sp.SG-1,Bacillus sp.SG-1,161544.4,Bacillus sp. SG-1,,,,,,Firmicutes,Bacilli,Bacillales_B,Firmicutes,Bacilli,Bacillales,3948965,4030,Firmicutes,,,RS_GCF_000181495.1,False,False,False,False,False,False,False,False,False,False,False,False,False,False,False,False,False,False,True,False,False,False,False,False,False,False,False,False,False,True,False,False,False
29,0,322_B/Seed517417.4.796.xml,591,1162,182,Seed517417,226,Seed517417,model226,True,1,517417,Chlorobaculum parvum NCIB 8327,Chlorobaculum parvum,517417.4,"Chlorobaculum parvum NCIB 8327, Chlorobaculum parvum strain NCIB 8327, Chlorobaculum parvum str. NCIB 8327",Fresh water,Mesophile,Facultative,,Negative,Bacteroidota,Chlorobia,Chlorobiales,Chlorobi,Chlorobia,Chlorobiales,2289249,2100,Chlorobi,325.0,5049.0,RS_GCF_000020505.1,True,True,False,False,False,False,False,True,True,False,False,True,False,False,True,False,False,False,True,False,False,False,False,False,False,True,False,False,False,False,False,False,False
30,0,322_B/Seed271848.6.796.xml,1239,1841,415,Seed271848,87,Seed271848,model87,True,1,271848,Burkholderia thailandensis E264,Burkholderia thailandensis,271848.6,"Burkholderia thailandensis ATCC 700388, Burkholderia thailandensis E264, Burkholderia thailandensis strain E264, Burkholderia thailandensis str. E264",Soil,Mesophile,Aerobe,Negative,Positive,Proteobacteria,Gammaproteobacteria,Burkholderiales,Proteobacteria,Betaproteobacteria,Burkholderiales,6354340,5397,Betaproteobacteria,231.0,5857.0,RS_GCF_000152285.1,True,False,False,False,False,False,True,True,True,False,False,True,True,False,False,True,True,False,True,False,False,False,False,True,False,False,False,False,False,False,False,False,False
31,0,322_B/Seed762051.3.796.xml,623,1330,252,Seed762051,309,Seed762051,model310,True,1,762051,Leuconostoc kimchii IMSNU 11154,Leuconostoc kimchii,762051.3,"Leuconostoc kimchii IMSNU 11154, Leuconostoc kimchii strain IMSNU 11154, Leuconostoc kimchii str. IMSNU 11154",,Psychrophile,Facultative,Positive,,Firmicutes,Bacilli,Lactobacillales,Firmicutes,Bacilli,Lactobacillales,2101787,2089,Firmicutes,712.0,7065.0,RS_GCF_000092505.1,False,False,False,False,False,False,False,True,False,True,False,True,False,False,True,True,False,True,True,False,False,False,False,False,False,False,False,False,False,True,False,False,False
32,0,322_B/Seed351746.4.796.xml,1167,1893,468,Seed351746,150,Seed351746,model150,True,1,351746,Pseudomonas putida F1,Pseudomonas putida,351746.4,"Pseudomonas putida F1, Pseudomonas putida strain F1, Pseudomonas putida str. F1",Soil,Mesophile,Aerobe,Negative,,Proteobacteria,Gammaproteobacteria,Pseudomonadales,Proteobacteria,Gammaproteobacteria,Pseudomonadales,5959964,5294,Gammaproteobacteria,957.0,2182.0,RS_GCF_000016865.1,True,False,False,False,False,False,True,True,True,False,False,True,True,False,False,True,True,False,True,False,False,False,False,False,False,False,False,False,False,False,True,False,False
33,0,322_B/Seed500635.8.796.xml,696,1371,262,Seed500635,221,Seed500635,model221,True,1,500635,Mitsuokella multacida DSM 20544,Mitsuokella multacida,500635.8,"Mitsuokella multacida DSM 20544, Mitsuokella multacida NCTC 10934, Mitsuokella multacida strain DSM 20544, Mitsuokella multacida str. DSM 20544",,,,Negative,Positive,Firmicutes_C,Negativicutes,Selenomonadales,Firmicutes,Negativicutes,Selenomonadales,2577056,2302,Firmicutes,,2519.0,RS_GCF_000155955.1,False,False,False,False,False,False,False,False,False,False,False,False,False,False,False,True,True,False,True,False,False,False,False,False,False,False,False,False,False,True,False,False,False
34,0,322_B/Seed517418.3.796.xml,609,1270,253,Seed517418,227,Seed517418,model227,True,1,517418,Chloroherpeton thalassium ATCC 35110,Chloroherpeton thalassium,517418.3,"Chloroherpeton thalassium ATCC 35110, Chloroherpeton thalassium strain ATCC 35110, Chloroherpeton thalassium str. ATCC 35110",Fresh water,Mesophile,Facultative,Negative,Negative,Bacteroidota,Chlorobia,Chlorobiales,Chlorobi,Chlorobia,Chlorobiales,3293456,2819,Chlorobi,336.0,3847.0,RS_GCF_000020525.1,True,True,False,False,False,False,False,True,True,False,False,True,False,False,True,True,True,False,True,False,False,False,False,False,False,True,False,False,False,False,False,False,False
35,0,322_B/Seed460265.11.796.xml,1429,1866,455,Seed460265,212,Seed460265,model212,True,1,460265,Methylobacterium nodulans ORS 2060,Methylobacterium nodulans,460265.11,"Methylobacterium nodulans ORS 2060, Methylobacterium nodulans strain ORS 2060, Methylobacterium nodulans str. ORS 2060",Host,Mesophile,Aerobe,,Negative,Proteobacteria,Alphaproteobacteria,Rhizobiales,Proteobacteria,Alphaproteobacteria,Rhizobiales,8839022,8636,Alphaproteobacteria,753.0,5015.0,RS_GCF_000022085.1,True,False,True,False,False,False,False,True,True,False,False,True,True,False,False,False,False,False,True,False,True,False,False,False,False,False,False,False,False,False,False,False,False
36,0,322_B/Seed683837.3.796.xml,788,1567,370,Seed683837,293,Seed683837,model294,True,1,683837,Listeria seeligeri serovar 1/2b str. SLCC3954,Listeria seeligeri,683837.3,"Listeria seeligeri serovar 1/2b strain SLCC3954, Listeria seeligeri serovar 1/2b str. SLCC3954",,Mesophile,Facultative,Positive,Negative,Firmicutes,Bacilli,Lactobacillales,Firmicutes,Bacilli,Bacillales,2797636,2688,Firmicutes,722.0,5286.0,RS_GCF_000027145.1,False,False,False,False,False,False,False,True,True,False,False,True,False,False,True,True,False,True,True,False,False,False,False,False,False,False,False,False,False,True,False,False,False
37,0,322_B/Seed573066.3.796.xml,1168,1756,396,Seed573066,253,Seed573066,model253,True,1,573066,Pseudomonas amygdali pv. tabaci str. ATCC 11528,Pseudomonas amygdali,573066.3,"Pseudomonas amygdali pv. tabaci str. ATCC 11528, Pseudomonas syringae pv. tabaci ATCC 11528, Pseudomonas syringae pv. tabaci strain ATCC 11528, Pseudomonas syringae pv. tabaci str. ATCC 11528",,,,Negative,Negative,Proteobacteria,Gammaproteobacteria,Pseudomonadales,Proteobacteria,Gammaproteobacteria,Pseudomonadales,6129081,5467,Gammaproteobacteria,,224.0,RS_GCF_001006455.1,False,False,False,False,False,False,False,False,False,False,False,False,False,False,False,True,True,False,True,False,False,False,False,False,False,False,False,False,False,False,True,False,False
38,0,322_B/Seed164546.7.796.xml,1175,1782,389,Seed164546,13,Seed164546,model13,True,1,164546,Cupriavidus taiwanensis,Cupriavidus taiwanensis,164546.7,"CCUG 44338, CIP 107171, Cupriavidus taiwanensis (Chen et al. 2001) Vandamme and Coenye 2004, Cupriavidus taiwanensis, LMG 19424, LMG:19424, Ralstonia taiwanensis Chen et al. 2001, Ralstonia taiwanensis, strain R1, Wautersia taiwanensis (Chen et al. 2001) Vaneechoutte et al. 2004, Wautersia taiwanensis",,,,Negative,,Proteobacteria,Gammaproteobacteria,Burkholderiales,Proteobacteria,Betaproteobacteria,Burkholderiales,6668242,5912,Betaproteobacteria,408.0,4720.0,RS_GCF_900249715.1,False,False,False,False,False,False,False,False,False,False,False,False,False,False,False,True,True,False,True,False,False,False,False,True,False,False,False,False,False,False,False,False,False
39,0,322_B/Seed314565.3.796.xml,809,1533,336,Seed314565,121,Seed314565,model121,True,1,314565,Xanthomonas campestris pv. campestris str. 8004,Xanthomonas campestris,314565.3,"Xanthomonas campestris pv. campestris 8004, Xanthomonas campestris pv. campestris str. 8004, Xanthomonas campestris pv. campestris strain 8004",Host,Mesophile,Aerobe,Negative,,Proteobacteria,Gammaproteobacteria,Xanthomonadales,Proteobacteria,Gammaproteobacteria,Xanthomonadales,5148708,4350,Gammaproteobacteria,1342.0,2880.0,RS_GCF_000012105.1,True,False,True,False,False,False,False,True,True,False,False,True,True,False,False,True,True,False,True,False,False,False,False,False,False,False,False,False,False,False,True,False,False
40,0,322_B/Seed288681.12.796.xml,1150,1913,449,Seed288681,103,Seed288681,model103,True,1,288681,Bacillus cereus E33L,Bacillus cereus,288681.12,"Bacillus cereus E33L, Bacillus cereus strain E33L, Bacillus cereus str. E33L, Bacillus cereus ZK","Host,Soil",Mesophile,Facultative,Positive,Positive,Firmicutes,Bacilli,Bacillales,Firmicutes,Bacilli,Bacillales,5846781,5871,Firmicutes,106.0,4218.0,RS_GCF_000833045.1,True,False,True,False,False,False,True,True,True,False,False,True,False,False,True,True,False,True,True,False,False,False,False,False,False,False,False,False,False,True,False,False,False
41,0,322_B/Seed391595.3.796.xml,1090,1645,354,Seed391595,173,Seed391595,model173,True,1,391595,Roseobacter litoralis Och 149,Roseobacter litoralis,391595.3,"Roseobacter litoralis Och 149, Roseobacter litoralis strain Och 149, Roseobacter litoralis str. Och 149",Marine,Mesophile,Aerobe,Negative,,Proteobacteria,Alphaproteobacteria,Rhodobacterales,Proteobacteria,Alphaproteobacteria,Rhodobacterales,4745450,4592,Alphaproteobacteria,1035.0,4619.0,RS_GCF_000154785.2,True,False,False,False,True,False,False,True,True,False,False,True,True,False,False,True,True,False,True,False,True,False,False,False,False,False,False,False,False,False,False,False,False
42,0,322_B/Seed315730.11.796.xml,1145,1891,454,Seed315730,122,Seed315730,model122,True,1,315730,Bacillus weihenstephanensis KBAB4,Bacillus weihenstephanensis,315730.11,"Bacillus cereus KBAB4, Bacillus mycoides KBAB4, Bacillus weihenstephanensis KBAB4",Soil,Psychrophile,Facultative,,,Firmicutes,Bacilli,Bacillales,Firmicutes,Bacilli,Bacillales,5872743,5823,Firmicutes,129.0,753.0,RS_GCF_000018825.1,True,False,False,False,False,False,True,True,False,True,False,True,False,False,True,False,False,False,True,False,False,False,False,False,False,False,False,False,False,True,False,False,False
43,0,322_B/Seed267608.1.796.xml,924,1742,398,Seed267608,80,Seed267608,model80,True,1,267608,Ralstonia solanacearum GMI1000,Ralstonia solanacearum,267608.1,"Ralstonia solanacearum GMI1000, Ralstonia solanacearum strain GMI1000, Ralstonia solanacearum str. GMI1000",Soil,Mesophile,Aerobe,Negative,Negative,Proteobacteria,Gammaproteobacteria,Burkholderiales,Proteobacteria,Betaproteobacteria,Burkholderiales,5810922,5062,Betaproteobacteria,981.0,6111.0,RS_GCF_000009125.1,True,False,False,False,False,False,True,True,True,False,False,True,True,False,False,True,True,False,True,False,False,False,False,True,False,False,False,False,False,False,False,False,False
44,0,322_B/Seed598659.3.796.xml,502,1073,174,Seed598659,260,Seed598659,model260,True,1,598659,Nautilia profundicola AmH,Nautilia profundicola,598659.3,"epsilon proteobacterium AmH, Nautilia profundicola AmH, Nautilia profundicola strain AmH, Nautilia profundicola str. AmH, Nautilia sp. AmH","Host,Fresh water",Thermophile,Anaerobe,Negative,,Campylobacterota,Campylobacteria,Nautiliales,Proteobacteria,Epsilonproteobacteria,Nautiliales,1676444,1737,Epsilonproteobacteria,833.0,3585.0,RS_GCF_000021725.1,True,True,True,False,False,False,False,True,False,False,True,True,False,True,False,True,True,False,True,False,False,False,False,False,False,False,False,False,True,False,False,False,False
45,0,322_B/Seed320389.3.796.xml,1131,1891,422,Seed320389,131,Seed320389,model131,True,1,320389,Burkholderia mallei NCTC 10247,Burkholderia mallei,320389.3,"Burkholderia mallei NCTC 10247, Burkholderia mallei strain NCTC 10247, Burkholderia mallei str. NCTC 10247",Host,Mesophile,Aerobe,Negative,Positive,Proteobacteria,Gammaproteobacteria,Burkholderiales,Proteobacteria,Betaproteobacteria,Burkholderiales,5827656,5014,Betaproteobacteria,219.0,2188.0,RS_GCF_000762285.1,True,False,True,False,False,False,False,True,True,False,False,True,True,False,False,True,True,False,True,False,False,False,False,True,False,False,False,False,False,False,False,False,False
46,0,322_B/Seed436717.3.796.xml,946,1689,385,Seed436717,204,Seed436717,model204,True,1,436717,Acinetobacter oleivorans DR1,Acinetobacter oleivorans,436717.3,"Acinetobacter oleivorans DR1, Acinetobacter oleivorans strain DR1, Acinetobacter oleivorans str. DR1, Acinetobacter sp. DR1",Soil,Mesophile,Aerobe,Negative,Negative,Proteobacteria,Gammaproteobacteria,Pseudomonadales,Proteobacteria,Gammaproteobacteria,Pseudomonadales,4152543,3852,Gammaproteobacteria,29.0,7285.0,RS_GCF_000196795.1,True,False,False,False,False,False,True,True,True,False,False,True,True,False,False,True,True,False,True,False,False,False,False,False,False,False,False,False,False,False,True,False,False
47,0,322_B/Seed324925.4.796.xml,596,1181,193,Seed324925,135,Seed324925,model135,True,1,324925,Pelodictyon phaeoclathratiforme BU-1,Pelodictyon phaeoclathratiforme,324925.4,"Pelodictyon phaeoclathratiforme BU-1, Pelodictyon phaeoclathratiforme DSM 5477, Pelodictyon phaeoclathratiforme strain BU-1, Pelodictyon phaeoclathratiforme str. BU-1","Fresh water,Marine",Mesophile,Anaerobe,Negative,Negative,Bacteroidota,Chlorobia,Chlorobiales,Chlorobi,Chlorobia,Chlorobiales,3018238,2922,Chlorobi,901.0,3343.0,RS_GCF_000020645.1,True,True,False,False,True,False,False,True,True,False,False,True,False,True,False,True,True,False,True,False,False,False,False,False,False,True,False,False,False,False,False,False,False
48,0,322_B/Seed521098.4.796.xml,697,1533,316,Seed521098,228,Seed521098,model228,True,1,521098,Alicyclobacillus acidocaldarius subsp.acidocaldarius DSM 446,Alicyclobacillus acidocaldarius,521098.4,"Alicyclobacillus acidocaldarius subsp. acidocaldarius ATCC 27009, Alicyclobacillus acidocaldarius subsp. acidocaldarius DSM 446, Alicyclobacillus acidocaldarius subsp. acidocaldarius IFO 15652, Alicyclobacillus acidocaldarius subsp. acidocaldarius JCM 5260, Alicyclobacillus acidocaldarius subsp. acidocaldarius NBRC 15652, Alicyclobacillus acidocaldarius subsp. acidocaldarius NCIB 11725, Alicyclobacillus acidocaldarius subsp. acidocaldarius strain DSM 446, Alicyclobacillus acidocaldarius subsp. acidocaldarius str. DSM 446",Other,Thermophile,Aerobe,Positive,Negative,Firmicutes,Alicyclobacillia,Alicyclobacillales,Firmicutes,Bacilli,Bacillales,3205686,3153,Firmicutes,49.0,3949.0,RS_GCF_000024285.1,True,False,False,False,False,True,False,True,False,False,True,True,True,False,False,True,False,True,True,False,False,False,False,False,False,False,False,False,False,True,False,False,False
49,0,322_B/Seed749219.3.796.xml,559,1280,242,Seed749219,303,Seed749219,model304,True,1,749219,Moraxella catarrhalis RH4,Moraxella catarrhalis,749219.3,"Moraxella catarrhalis RH4, Moraxella catarrhalis strain RH4, Moraxella catarrhalis str. RH4",Host,Mesophile,Aerobe,Positive,,Proteobacteria,Gammaproteobacteria,Pseudomonadales,Proteobacteria,Gammaproteobacteria,Pseudomonadales,1836691,1663,Gammaproteobacteria,773.0,7621.0,RS_GCF_000302495.1,True,False,True,False,False,False,False,True,True,False,False,True,True,False,False,True,False,True,True,False,False,False,False,False,False,False,False,False,False,False,True,False,False
50,0,322_B/Seed410289.13.796.xml,817,1412,301,Seed410289,196,Seed410289,model196,True,1,410289,Mycobacterium bovis BCG str. Pasteur 1173P2,Mycobacterium bovis,410289.13,"Mycobacterium bovis BCG Pasteur 1173P2, Mycobacterium bovis BCG strain Pasteur 1173P2, Mycobacterium bovis BCG str. Pasteur 1173P2, Mycobacterium tuberculosis variant bovis BCG str. Pasteur 1173P2",Host,Mesophile,Aerobe,,,Actinobacteriota,Actinomycetia,Mycobacteriales,Actinobacteria,Actinobacteria,Corynebacteriales,4374522,4027,Actinobacteria,780.0,,RS_GCF_000009445.1,True,False,True,False,False,False,False,True,True,False,False,True,True,False,False,False,False,False,True,True,False,False,False,False,False,False,False,False,False,False,False,False,False
51,0,322_B/Seed376686.10.796.xml,830,1807,347,Seed376686,163,Seed376686,model163,True,1,376686,Flavobacterium johnsoniae UW101,Flavobacterium johnsoniae,376686.1,"Flavobacterium johnsoniae ATCC 17061, Flavobacterium johnsoniae DSM 2064, Flavobacterium johnsoniae IAM 14304, Flavobacterium johnsoniae IFO 14942, Flavobacterium johnsoniae LMG 1341, Flavobacterium johnsoniae MYX.1.1.1, Flavobacterium johnsoniae NBRC 14942, Flavobacterium johnsoniae NCIB 11054, Flavobacterium johnsoniae strain UW101, Flavobacterium johnsoniae str. UW101, Flavobacterium johnsoniae UW101","Soil,Fresh water",Mesophile,Aerobe,Negative,Negative,Bacteroidota,Bacteroidia,Flavobacteriales,Bacteroidetes,Flavobacteriia,Flavobacteriales,6041815,5208,Bacteroidetes,536.0,899.0,RS_GCF_002221975.1,True,True,False,False,False,False,True,True,True,False,False,True,True,False,False,True,True,False,True,False,False,False,True,False,False,False,False,False,False,False,False,False,False
52,0,322_B/Seed367737.4.796.xml,536,1212,235,Seed367737,160,Seed367737,model160,True,1,367737,Arcobacter butzleri RM4018,Arcobacter butzleri,367737.4,"Arcobacter butzleri RM4018, Arcobacter butzleri strain RM4018, Arcobacter butzleri str. RM4018","Host,Fresh water,Marine",Mesophile,Aerobe,Negative,,Campylobacterota,Campylobacteria,Campylobacterales,Proteobacteria,Epsilonproteobacteria,Campylobacterales,2341251,2285,Epsilonproteobacteria,75.0,3364.0,RS_GCF_000014025.1,True,True,True,False,True,False,False,True,True,False,False,True,True,False,False,True,True,False,True,False,False,False,False,False,False,False,False,False,True,False,False,False,False
53,0,322_B/Seed194439.1.796.xml,586,1250,217,Seed194439,23,Seed194439,model23,True,1,194439,Chlorobium tepidum TLS,Chlorobium tepidum,194439.1,"Chlorobaculum tepidum TLS, Chlorobium tepidum TLS",Fresh water,Thermophile,Anaerobe,,,Bacteroidota,Chlorobia,Chlorobiales,Chlorobi,Chlorobia,Chlorobiales,2154946,2009,Chlorobi,332.0,,RS_GCF_000006985.1,True,True,False,False,False,False,False,True,False,False,True,True,False,True,False,False,False,False,True,False,False,False,False,False,False,True,False,False,False,False,False,False,False
54,0,322_B/Seed383629.4.796.xml,932,1620,347,Seed383629,167,Seed383629,model167,True,1,383629,Phaeobacter gallaeciensis 2.10,Phaeobacter gallaeciensis,383629.4,"Phaeobacter gallaeciensis 2.10, Phaeobacter inhibens 2.10, Roseobacter gallaeciensis 2.10",,,,,,Proteobacteria,Alphaproteobacteria,Rhodobacterales,Proteobacteria,Alphaproteobacteria,Rhodobacterales,4160918,3887,Alphaproteobacteria,,1374.0,RS_GCF_000154745.2,False,False,False,False,False,False,False,False,False,False,False,False,False,False,False,False,False,False,True,False,True,False,False,False,False,False,False,False,False,False,False,False,False
55,0,322_B/Seed447214.4.796.xml,946,1644,371,Seed447214,210,Seed447214,model210,True,1,447214,Clostridium butyricum 5521,Clostridium butyricum,447214.4,"Clostridium butyricum 5521, Clostridium butyricum str. 5521, Clostridium butyricum strain 5521",,,,Positive,Positive,Firmicutes_A,Clostridia,Clostridiales,Firmicutes,Clostridia,Clostridiales,4540699,4060,Firmicutes,,6989.0,RS_GCF_000171115.1,False,False,False,False,False,False,False,False,False,False,False,False,False,False,False,True,False,True,True,False,False,False,False,False,False,False,False,False,False,True,False,False,False
56,0,322_B/Seed351016.3.796.xml,902,1501,304,Seed351016,149,Seed351016,model149,True,1,351016,Roseobacter sp.AzwK-3b,Roseobacter sp.AzwK-3b,351016.3,Roseobacter sp. AzwK-3b,,,,,,Proteobacteria,Alphaproteobacteria,Rhodobacterales,Proteobacteria,Alphaproteobacteria,Rhodobacterales,4178704,4049,Alphaproteobacteria,,,RS_GCF_000170875.1,False,False,False,False,False,False,False,False,False,False,False,False,False,False,False,False,False,False,True,False,True,False,False,False,False,False,False,False,False,False,False,False,False
57,0,322_B/Seed640511.6.796.xml,1423,1999,458,Seed640511,277,Seed640511,model278,True,1,640511,Burkholderia sp.CCGE1002,Burkholderia sp.CCGE1002,640511.6,Paraburkholderia sp. CCGE1002,Host,Mesophile,Facultative,,,Proteobacteria,Gammaproteobacteria,Burkholderiales,Proteobacteria,Betaproteobacteria,Burkholderiales,7884858,7165,Betaproteobacteria,208.0,,RS_GCF_000092885.1,True,False,True,False,False,False,False,True,True,False,False,True,False,False,True,False,False,False,True,False,False,False,False,True,False,False,False,False,False,False,False,False,False
58,0,322_B/Seed279714.3.796.xml,1041,1625,372,Seed279714,100,Seed279714,model100,True,1,279714,Pseudogulbenkiania ferrooxidans 2002,Pseudogulbenkiania ferrooxidans,279714.3,"Chromobacterium sp. 2002, Lutiella nitroferrum 2002, Lutiella nitroferrum ATCC BAA-1479, Pseudogulbenkiania ferrooxidans 2002, Pseudogulbenkiania ferrooxidans str. 2002, Pseudogulbenkiania ferrooxidans strain 2002",,,,Negative,Negative,Proteobacteria,Gammaproteobacteria,Burkholderiales,Proteobacteria,Betaproteobacteria,Neisseriales,4228787,3917,Betaproteobacteria,,1359.0,RS_GCF_000174355.1,False,False,False,False,False,False,False,False,False,False,False,False,False,False,False,True,True,False,True,False,False,False,False,True,False,False,False,False,False,False,False,False,False
59,0,322_B/Seed525368.3.796.xml,1009,1529,344,Seed525368,231,Seed525368,model231,True,1,525368,Mycobacterium parascrofulaceum ATCC BAA-614,Mycobacterium parascrofulaceum,525368.3,"Mycobacterium parascrofulaceum ATCC BAA-614, Mycobacterium parascrofulaceum strain ATCC BAA-614, Mycobacterium parascrofulaceum str. ATCC BAA-614",,,,,Negative,Actinobacteriota,Actinomycetia,Mycobacteriales,Actinobacteria,Actinobacteria,Corynebacteriales,6564171,6264,Actinobacteria,,6179.0,RS_GCF_000164135.1,False,False,False,False,False,False,False,False,False,False,False,False,False,False,False,False,False,False,True,True,False,False,False,False,False,False,False,False,False,False,False,False,False
60,0,322_B/Seed626418.3.796.xml,1206,1972,412,Seed626418,267,Seed626418,model267,True,1,626418,Burkholderia glumae BGR1,Burkholderia glumae,626418.3,"Burkholderia glumae BGR1, Burkholderia glumae strain BGR1, Burkholderia glumae str. BGR1",Host,Mesophile,Aerobe,Negative,Negative,Proteobacteria,Gammaproteobacteria,Burkholderiales,Proteobacteria,Betaproteobacteria,Burkholderiales,7284636,6413,Betaproteobacteria,215.0,6663.0,RS_GCF_000022645.2,True,False,True,False,False,False,False,True,True,False,False,True,True,False,False,True,True,False,True,False,False,False,False,True,False,False,False,False,False,False,False,False,False
61,0,322_B/Seed314225.3.796.xml,622,1249,238,Seed314225,118,Seed314225,model118,True,1,314225,Erythrobacter litoralis HTCC2594,Erythrobacter litoralis,314225.3,"Erythrobacter litoralis HTCC2594, Erythrobacter litoralis strain HTCC2594, Erythrobacter litoralis str. HTCC2594",Marine,Mesophile,Aerobe,Negative,Negative,Proteobacteria,Alphaproteobacteria,Sphingomonadales,Proteobacteria,Alphaproteobacteria,Sphingomonadales,3052398,2964,Alphaproteobacteria,492.0,2139.0,RS_GCF_000013005.1,True,False,False,False,True,False,False,True,True,False,False,True,True,False,False,True,True,False,True,False,True,False,False,False,False,False,False,False,False,False,False,False,False
62,0,322_B/Seed354.1.796.xml,1016,1698,384,Seed354,151,Seed354,model151,True,1,354,Azotobacter vinelandii,Azotobacter vinelandii,354.1,"ATCC 478, Azotobacter miscellum, Azotobacter vinelandii Lipman 1903, Azotobacter vinelandii, bacterium ASAZT-122, bacterium ASAZT-146, bacterium ASAZT-68, DSM 2289, IAM 15004, JCM 21475, LMG 8758, LMG:8758, NBRC 102612, NCCB 26007, NRRL B-14641, VKM B-1617",Soil,Mesophile,Aerobe,,Negative,Proteobacteria,Gammaproteobacteria,Pseudomonadales,Proteobacteria,Gammaproteobacteria,Pseudomonadales,5484531,5135,Gammaproteobacteria,89.0,7491.0,RS_GCF_900119555.1,True,False,False,False,False,False,True,True,True,False,False,True,True,False,False,False,False,False,True,False,False,False,False,False,False,False,False,False,False,False,True,False,False
63,0,322_B/Seed391591.24.796.xml,1180,1932,453,Seed391591,171,Seed391591,model171,True,1,391591,Vibrio shilonii AK1,Vibrio shilonii,391591.24,"Vibrio shiloi AK1, Vibrio shilonii AK1, Vibrio shilonii strain AK1, Vibrio shilonii str. AK1",,,,Negative,,Proteobacteria,Gammaproteobacteria,Enterobacterales,Proteobacteria,Gammaproteobacteria,Vibrionales,5701826,5329,Gammaproteobacteria,,253.0,RS_GCF_000181535.1,False,False,False,False,False,False,False,False,False,False,False,False,False,False,False,True,True,False,True,False,False,False,False,False,False,False,False,False,False,False,True,False,False
64,0,322_B/Seed525371.3.796.xml,976,1530,294,Seed525371,232,Seed525371,model232,True,1,525371,Roseomonas cervicalis ATCC 49957,Roseomonas cervicalis,525371.3,"Roseomonas cervicalis ATCC 49957, Roseomonas cervicalis strain ATCC 49957, Roseomonas cervicalis str. ATCC 49957",,,,Negative,Positive,Proteobacteria,Alphaproteobacteria,Acetobacterales,Proteobacteria,Alphaproteobacteria,Rhodospirillales,5100977,4755,Alphaproteobacteria,,7225.0,RS_GCF_000164635.1,False,False,False,False,False,False,False,False,False,False,False,False,False,False,False,True,True,False,True,False,True,False,False,False,False,False,False,False,False,False,False,False,False
65,0,322_B/Seed350054.11.796.xml,1058,1630,373,Seed350054,148,Seed350054,model148,True,1,350054,Mycobacterium gilvum PYR-GCK,Mycobacterium gilvum,350054.11,"Mycobacterium flavescens ATCC 700033, Mycobacterium flavescens PYR-GCK, Mycobacterium gilvum PYR-GCK, Mycolicibacterium gilvum PYR-GCK",Soil,Mesophile,Aerobe,,Negative,Actinobacteriota,Actinomycetia,Mycobacteriales,Actinobacteria,Actinobacteria,Corynebacteriales,5982829,5727,Actinobacteria,783.0,2411.0,RS_GCF_000016365.1,True,False,False,False,False,False,True,True,True,False,False,True,True,False,False,False,False,False,True,True,False,False,False,False,False,False,False,False,False,False,False,False,False
66,0,322_B/Seed228399.1.796.xml,643,1375,302,Seed228399,48,Seed228399,model48,True,1,228399,Actinobacillus pleuropneumoniae serovar 1 str. 4074,Actinobacillus pleuropneumoniae,228399.1,"Actinobacillus pleuropneumoniae 4074, Actinobacillus pleuropneumoniae serovar 1 str. 4074, Actinobacillus pleuropneumoniae serovar 1 strain 4074",Host,Mesophile,Facultative,Negative,Negative,Proteobacteria,Gammaproteobacteria,Enterobacterales,Proteobacteria,Gammaproteobacteria,Pasteurellales,2318649,2174,Gammaproteobacteria,30.0,3933.0,RS_GCF_000178495.2,True,False,True,False,False,False,False,True,True,False,False,True,False,False,True,True,True,False,True,False,False,False,False,False,False,False,False,False,False,False,True,False,False
67,0,322_B/Seed1496.1.796.xml,803,1416,259,Seed1496,7,Seed1496,model7,True,1,1496,Clostridioides difficile,Clostridioides difficile,1496.1,"AS 1.2184, ATCC 9689, Bacillus difficilis Hall and O'Toole 1935, Bacillus difficilis, BCRC 10642, CCRC 10642, CCRC:10642, CCUG 4938, CIP 104282, Clostridioides difficile (Hall and O'Toole 1935) Lawson et al. 2016, Clostridioides difficile, Clostridium difficile (Hall and O'Toole 1935) Prevot 1938 (Approved Lists 1980), Clostridium difficile, Clostridium difficle, Clostridium sp. HMSC19D05, DSM 1296, DSMZ 1296, JCM 1296, LMG 15861, LMG:15861, NCIMB 10666, NCTC 11209, Peptoclostridium difficile, Peptoclostridium difficile Yutin and Galperin 2013",Host,Mesophile,Anaerobe,Positive,Positive,Firmicutes_A,Clostridia,Peptostreptococcales,Firmicutes,Clostridia,Clostridiales,4146079,3893,Firmicutes,360.0,2227.0,GB_GCA_000935985.1,True,False,True,False,False,False,False,True,True,False,False,True,False,True,False,True,False,True,True,False,False,False,False,False,False,False,False,False,False,True,False,False,False
68,0,322_B/Seed318161.16.796.xml,762,1613,359,Seed318161,125,Seed318161,model125,True,1,318161,Shewanella denitrificans OS217,Shewanella denitrificans,318161.16,"Shewanella denitrificans OS217, Shewanella denitrificans strain OS217, Shewanella denitrificans str. OS217",Marine,Mesophile,Facultative,Negative,,Proteobacteria,Gammaproteobacteria,Enterobacterales,Proteobacteria,Gammaproteobacteria,Alteromonadales,4545906,3904,Gammaproteobacteria,1079.0,550.0,RS_GCF_000013765.1,True,False,False,False,True,False,False,True,True,False,False,True,False,False,True,True,True,False,True,False,False,False,False,False,False,False,False,False,False,False,True,False,False
69,0,322_B/Seed439497.5.796.xml,902,1548,327,Seed439497,207,Seed439497,model207,True,1,439497,Ruegeria sp.R11,Ruegeria sp.R11,439497.5,Ruegeria sp. R11,,,,,,Proteobacteria,Alphaproteobacteria,Rhodobacterales,Proteobacteria,Alphaproteobacteria,Rhodobacterales,3821839,3567,Alphaproteobacteria,,,GB_GCA_000156255.1,False,False,False,False,False,False,False,False,False,False,False,False,False,False,False,False,False,False,True,False,True,False,False,False,False,False,False,False,False,False,False,False,False
70,0,322_B/Seed398527.4.796.xml,1497,1997,475,Seed398527,180,Seed398527,model180,True,1,398527,Paraburkholderia phytofirmans PsJN,Paraburkholderia phytofirmans,398527.4,"Burkholderia phytofirmans PsJN, Burkholderia sp. PsJN, Paraburkholderia phytofirmans PsJN","Host,Soil",Mesophile,Facultative,,,Proteobacteria,Gammaproteobacteria,Burkholderiales,Proteobacteria,Betaproteobacteria,Burkholderiales,8214658,7341,Betaproteobacteria,224.0,,RS_GCF_000020125.1,True,False,True,False,False,False,True,True,True,False,False,True,False,False,True,False,False,False,True,False,False,False,False,True,False,False,False,False,False,False,False,False,False
71,0,322_B/Seed471871.7.796.xml,800,1495,291,Seed471871,215,Seed471871,model215,True,1,471871,Clostridium sporogenes ATCC 15579,Clostridium sporogenes,471871.7,"Clostridium sporogenes ATCC 15579, Clostridium sporogenes strain ATCC 15579, Clostridium sporogenes str. ATCC 15579",,,,Positive,Positive,Firmicutes_A,Clostridia,Clostridiales,Firmicutes,Clostridia,Clostridiales,4102325,3701,Firmicutes,,7331.0,RS_GCF_000155085.1,False,False,False,False,False,False,False,False,False,False,False,False,False,False,False,True,False,True,True,False,False,False,False,False,False,False,False,False,False,True,False,False,False
72,0,322_B/Seed439235.3.796.xml,737,1326,243,Seed439235,206,Seed439235,model206,True,1,439235,Desulfatibacillum alkenivorans AK-01,Desulfatibacillum alkenivorans,439235.3,"Desulfatibacillum alkenivorans AK-01, Desulfatibacillum alkenivorans strain AK-01, Desulfatibacillum alkenivorans str. AK-01",Fresh water,Mesophile,Anaerobe,Negative,Negative,Desulfobacterota,Desulfobacteria,Desulfobacterales,Proteobacteria,Deltaproteobacteria,Desulfobacterales,6467702,5272,Deltaproteobacteria,435.0,2631.0,RS_GCF_900142135.1,True,True,False,False,False,False,False,True,True,False,False,True,False,True,False,True,True,False,True,False,False,False,False,False,False,False,False,True,False,False,False,False,False
73,0,322_B/Seed360910.3.796.xml,843,1519,320,Seed360910,157,Seed360910,model157,True,1,360910,Bordetella avium 197N,Bordetella avium,360910.3,"Bordetella avium 197N, Bordetella avium str. 197N, Bordetella avium strain 197N",Host,Mesophile,Aerobe,Negative,Positive,Proteobacteria,Gammaproteobacteria,Burkholderiales,Proteobacteria,Betaproteobacteria,Burkholderiales,3732255,3409,Betaproteobacteria,163.0,757.0,RS_GCF_000070465.1,True,False,True,False,False,False,False,True,True,False,False,True,True,False,False,True,True,False,True,False,False,False,False,True,False,False,False,False,False,False,False,False,False
74,0,322_B/Seed435591.10.796.xml,748,1478,309,Seed435591,203,Seed435591,model203,True,1,435591,Parabacteroides distasonis ATCC 8503,Parabacteroides distasonis,435591.1,"Parabacteroides distasonis ATCC 8503, Parabacteroides distasonis strain ATCC 8503, Parabacteroides distasonis str. ATCC 8503",Human,Mesophile,Anaerobe,Positive,Positive,Bacteroidota,Bacteroidia,Bacteroidales,Bacteroidetes,Bacteroidia,Bacteroidales,4811379,4002,Bacteroidetes,886.0,2781.0,RS_GCF_000012845.1,True,False,False,True,False,False,False,True,True,False,False,True,False,True,False,True,False,True,True,False,False,False,True,False,False,False,False,False,False,False,False,False,False
75,0,322_B/Seed525246.3.796.xml,621,1292,256,Seed525246,229,Seed525246,model229,True,1,525246,Actinomyces urogenitalis DSM 15434,Actinomyces urogenitalis,525246.3,"Actinomyces urogenitalis DSM 15434, Actinomyces urogenitalis strain DSM 15434, Actinomyces urogenitalis str. DSM 15434",,,,Positive,Positive,Actinobacteriota,Actinomycetia,Actinomycetales,Actinobacteria,Actinobacteria,Actinomycetales,2702812,2311,Actinobacteria,,2425.0,RS_GCF_000159035.1,False,False,False,False,False,False,False,False,False,False,False,False,False,False,False,True,False,True,True,True,False,False,False,False,False,False,False,False,False,False,False,False,False
76,0,322_B/Seed399795.3.796.xml,1080,1687,378,Seed399795,183,Seed399795,model183,True,1,399795,Comamonas testosteroni KF-1,Comamonas testosteroni,399795.3,"Comamonas testosteroni KF-1, Comamonas testosteroni strain KF-1, Comamonas testosteroni str. KF-1",Other,Mesophile,Aerobe,Negative,,Proteobacteria,Gammaproteobacteria,Burkholderiales,Proteobacteria,Betaproteobacteria,Burkholderiales,6026527,5458,Betaproteobacteria,379.0,2018.0,RS_GCF_000168855.1,True,False,False,False,False,True,False,True,True,False,False,True,True,False,False,True,True,False,True,False,False,False,False,True,False,False,False,False,False,False,False,False,False
77,0,322_B/Seed52598.3.796.xml,825,1509,323,Seed52598,234,Seed52598,model234,True,1,52598,Sulfitobacter sp.EE-36,Sulfitobacter sp.EE-36,52598.3,"lignin enrichment culture EE-36, Sulfitobacter sp. EE36, Sulfitobacter sp. EE-36",,,,,,Proteobacteria,Alphaproteobacteria,Rhodobacterales,Proteobacteria,Alphaproteobacteria,Rhodobacterales,3548498,3417,Alphaproteobacteria,,,RS_GCF_000152605.1,False,False,False,False,False,False,False,False,False,False,False,False,False,False,False,False,False,False,True,False,True,False,False,False,False,False,False,False,False,False,False,False,False
78,0,322_B/Seed398578.3.796.xml,1176,1838,444,Seed398578,181,Seed398578,model181,True,1,398578,Delftia acidovorans SPH-1,Delftia acidovorans,398578.3,"Delftia acidovorans SPH-1, Delftia acidovorans strain SPH-1, Delftia acidovorans str. SPH-1","Soil,Fresh water",Mesophile,Aerobe,Negative,Positive,Proteobacteria,Gammaproteobacteria,Burkholderiales,Proteobacteria,Betaproteobacteria,Burkholderiales,6767514,6122,Betaproteobacteria,431.0,3140.0,RS_GCF_000018665.1,True,True,False,False,False,False,True,True,True,False,False,True,True,False,False,True,True,False,True,False,False,False,False,True,False,False,False,False,False,False,False,False,False
79,0,322_B/Seed749414.3.796.xml,1653,1756,406,Seed749414,304,Seed749414,model305,True,1,749414,Streptomyces bingchenggensis BCW-1,Streptomyces bingchenggensis,749414.3,"Streptomyces bingchenggensis BCW-1, Streptomyces bingchenggensis strain BCW-1, Streptomyces bingchenggensis str. BCW-1",,,,Positive,Negative,Actinobacteriota,Actinomycetia,Streptomycetales,Actinobacteria,Actinobacteria,Streptomycetales,11936683,9968,Actinobacteria,,5533.0,RS_GCF_000092385.1,False,False,False,False,False,False,False,False,False,False,False,False,False,False,False,True,False,True,True,True,False,False,False,False,False,False,False,False,False,False,False,False,False
80,0,322_B/Seed644107.3.796.xml,870,1501,318,Seed644107,283,Seed644107,model284,True,1,644107,Silicibacter lacuscaerulensis ITI-1157,Silicibacter lacuscaerulensis,644107.3,"Ruegeria lacuscaerulensis DSM 11314, Ruegeria lacuscaerulensis ITI-1157, Silicibacter lacuscaerulensis ITI-1157, Silicibacter lacuscaerulensis KCTC 2953",,,,,,Proteobacteria,Alphaproteobacteria,Rhodobacterales,Proteobacteria,Alphaproteobacteria,Rhodobacterales,3523710,3495,Alphaproteobacteria,,,RS_GCF_000161775.1,False,False,False,False,False,False,False,False,False,False,False,False,False,False,False,False,False,False,True,False,True,False,False,False,False,False,False,False,False,False,False,False,False
81,0,322_B/Seed402626.5.796.xml,1072,1714,391,Seed402626,187,Seed402626,model187,True,1,402626,Ralstonia pickettii 12J,Ralstonia pickettii,402626.5,"Ralstonia pickettii 12J, Ralstonia pickettii str. 12J, Ralstonia pickettii strain 12J","Host,Soil,Fresh water",Mesophile,Aerobe,Negative,Negative,Proteobacteria,Gammaproteobacteria,Burkholderiales,Proteobacteria,Betaproteobacteria,Burkholderiales,5325729,4994,Betaproteobacteria,979.0,6775.0,RS_GCF_000020205.1,True,True,True,False,False,False,True,True,True,False,False,True,True,False,False,True,True,False,True,False,False,False,False,True,False,False,False,False,False,False,False,False,False
82,0,322_B/Seed749927.5.796.xml,1533,1774,432,Seed749927,305,Seed749927,model306,True,1,749927,Amycolatopsis mediterranei U32,Amycolatopsis mediterranei,749927.5,"Amycolatopsis mediterranei strain U32, Amycolatopsis mediterranei str. U32, Amycolatopsis mediterranei U32",,,,Positive,Negative,Actinobacteriota,Actinomycetia,Mycobacteriales,Actinobacteria,Actinobacteria,Pseudonocardiales,10236715,9513,Actinobacteria,59.0,3334.0,RS_GCF_000196835.1,False,False,False,False,False,False,False,False,False,False,False,False,False,False,False,True,False,True,True,True,False,False,False,False,False,False,False,False,False,False,False,False,False
83,0,322_B/Seed509191.4.796.xml,705,1243,224,Seed509191,223,Seed509191,model223,True,1,509191,Acetivibrio cellulolyticus CD2,Acetivibrio cellulolyticus,509191.4,"Acetivibrio cellulolyticus ATCC 33288, Acetivibrio cellulolyticus CD2, Acetivibrio cellulolyticus DSM 1870, Hungateiclostridium cellulolyticum CD2",,,,Positive,,Firmicutes_A,Clostridia,Acetivibrionales,Firmicutes,Clostridia,Clostridiales,6156735,5007,Firmicutes,,713.0,RS_GCF_000179595.2,False,False,False,False,False,False,False,False,False,False,False,False,False,False,False,True,False,True,True,False,False,False,False,False,False,False,False,False,False,True,False,False,False
84,0,322_B/Seed211110.1.796.xml,591,1255,242,Seed211110,32,Seed211110,model32,True,1,211110,Streptococcus agalactiae NEM316,Streptococcus agalactiae,211110.1,"Streptococcus agalactiae NEM316, Streptococcus agalactiae str. NEM316",Host,Mesophile,Facultative,Positive,Negative,Firmicutes,Bacilli,Lactobacillales,Firmicutes,Bacilli,Lactobacillales,2211485,2140,Firmicutes,1150.0,3527.0,RS_GCF_000196055.1,True,False,True,False,False,False,False,True,True,False,False,True,False,False,True,True,False,True,True,False,False,False,False,False,False,False,False,False,False,True,False,False,False
85,0,322_B/Seed235279.1.796.xml,485,1111,213,Seed235279,53,Seed235279,model53,True,1,235279,Helicobacter hepaticus ATCC 51449,Helicobacter hepaticus,235279.1,"Helicobacter hepaticus ATCC 51449, Helicobacter hepaticus str. ATCC 51449",Human,Mesophile,Aerobe,Negative,,Campylobacterota,Campylobacteria,Campylobacterales,Proteobacteria,Epsilonproteobacteria,Campylobacterales,1799146,1802,Epsilonproteobacteria,611.0,843.0,RS_GCF_000007905.1,True,False,False,True,False,False,False,True,True,False,False,True,True,False,False,True,True,False,True,False,False,False,False,False,False,False,False,False,True,False,False,False,False
86,0,322_B/Seed349106.5.796.xml,713,1455,313,Seed349106,147,Seed349106,model147,True,1,349106,Psychrobacter sp.PRwf-1,Psychrobacter sp.PRwf-1,349106.5,Psychrobacter sp. PRwf-1,"Host,Soil,Marine",Psychrophile,Aerobe,,,Proteobacteria,Gammaproteobacteria,Pseudomonadales,Proteobacteria,Gammaproteobacteria,Pseudomonadales,2995049,2441,Gammaproteobacteria,972.0,,RS_GCF_000016885.1,True,False,True,False,True,False,True,True,False,True,False,True,True,False,False,False,False,False,True,False,False,False,False,False,False,False,False,False,False,False,True,False,False
87,0,322_B/Seed742159.3.796.xml,1255,1853,410,Seed742159,301,Seed742159,model302,True,1,742159,Achromobacter piechaudii ATCC 43553,Achromobacter piechaudii,742159.3,"Achromobacter piechaudii ATCC 43553, Achromobacter piechaudii strain ATCC 43553, Achromobacter piechaudii str. ATCC 43553",,,,,,Proteobacteria,Gammaproteobacteria,Burkholderiales,Proteobacteria,Betaproteobacteria,Burkholderiales,6154438,5613,Betaproteobacteria,,6168.0,RS_GCF_000164035.1,False,False,False,False,False,False,False,False,False,False,False,False,False,False,False,False,False,False,True,False,False,False,False,True,False,False,False,False,False,False,False,False,False
88,0,322_B/Seed205914.11.796.xml,586,1318,265,Seed205914,25,Seed205914,model25,True,1,205914,Haemophilus somnus 129PT,Haemophilus somnus,205914.11,"Haemophilus somnus 129PT, Histophilus somni 129PT, Histophilus somni str. 129PT",Host,Mesophile,Facultative,,,Proteobacteria,Gammaproteobacteria,Enterobacterales,Proteobacteria,Gammaproteobacteria,Pasteurellales,2012878,1829,Gammaproteobacteria,598.0,,RS_GCF_000011785.1,True,False,True,False,False,False,False,True,True,False,False,True,False,False,True,False,False,False,True,False,False,False,False,False,False,False,False,False,False,False,True,False,False
89,0,322_B/Seed272630.7.796.xml,1027,1749,398,Seed272630,95,Seed272630,model95,True,1,272630,Methylobacterium extorquens AM1,Methylobacterium extorquens,272630.7,"Methylobacterium extorquens AM1, Methylorubrum extorquens AM1, Pseudomonas sp. AM1",,Mesophile,Aerobe,,Negative,Proteobacteria,Alphaproteobacteria,Rhizobiales,Proteobacteria,Alphaproteobacteria,Rhizobiales,6123851,5764,Alphaproteobacteria,750.0,5167.0,RS_GCF_000083545.1,False,False,False,False,False,False,False,True,True,False,False,True,True,False,False,False,False,False,True,False,True,False,False,False,False,False,False,False,False,False,False,False,False
90,0,322_B/Seed469609.3.796.xml,586,1294,263,Seed469609,214,Seed469609,model214,True,1,469609,Streptococcus sp.2_1_36FAA,Streptococcus sp.2_1_36FAA,469609.3,Streptococcus sp. 2_1_36FAA,,,,,,Firmicutes,Bacilli,Lactobacillales,Firmicutes,Bacilli,Lactobacillales,2231411,2152,Firmicutes,,,RS_GCF_000161955.2,False,False,False,False,False,False,False,False,False,False,False,False,False,False,False,False,False,False,True,False,False,False,False,False,False,False,False,False,False,True,False,False,False
91,0,322_B/Seed413999.4.796.xml,782,1483,292,Seed413999,200,Seed413999,model200,True,1,413999,Clostridium botulinum A str. ATCC 3502,Clostridium botulinum,413999.4,"Clostridium botulinum A strain ATCC 3502, Clostridium botulinum A str. ATCC 3502","Host,Soil",Mesophile,Anaerobe,Positive,Negative,Firmicutes_A,Clostridia,Clostridiales,Firmicutes,Clostridia,Clostridiales,3903260,3563,Firmicutes,348.0,1608.0,RS_GCF_000063585.1,True,False,True,False,False,False,True,True,True,False,False,True,False,True,False,True,False,True,True,False,False,False,False,False,False,False,False,False,False,True,False,False,False
92,0,322_B/Seed426117.3.796.xml,1241,1770,376,Seed426117,202,Seed426117,model202,True,1,426117,Methylobacterium sp.4-46,Methylobacterium sp.4-46,426117.3,Methylobacterium sp. 4-46,,Mesophile,Aerobe,,,Proteobacteria,Alphaproteobacteria,Rhizobiales,Proteobacteria,Alphaproteobacteria,Rhizobiales,7737025,6992,Alphaproteobacteria,748.0,,RS_GCF_000019365.1,False,False,False,False,False,False,False,True,True,False,False,True,True,False,False,False,False,False,True,False,True,False,False,False,False,False,False,False,False,False,False,False,False
93,0,322_B/Seed266265.5.796.xml,1697,2055,488,Seed266265,77,Seed266265,model77,True,1,266265,Paraburkholderia xenovorans LB400,Paraburkholderia xenovorans,266265.5,"Burkholderia cepacia LB400, Burkholderia fungorum LB400, Burkholderia sp. LB400, Burkholderia xenovorans LB400, Paraburkholderia xenovorans LB400, Pseudomonas LB400, Pseudomonas sp. LB400, Pseudomonas sp. (strain LB400)","Host,Soil",Mesophile,Aerobe,,,Proteobacteria,Gammaproteobacteria,Burkholderiales,Proteobacteria,Betaproteobacteria,Burkholderiales,9702951,8680,Betaproteobacteria,233.0,,RS_GCF_000756045.1,True,False,True,False,False,False,True,True,True,False,False,True,True,False,False,False,False,False,True,False,False,False,False,True,False,False,False,False,False,False,False,False,False
94,0,322_B/Seed674977.3.796.xml,1095,1872,448,Seed674977,290,Seed674977,model291,True,1,674977,Vibrio alginolyticus 40B,Vibrio alginolyticus,674977.3,"Vibrio alginolyticus 40B, Vibrio alginolyticus str. 40B, Vibrio alginolyticus strain 40B",,,,Negative,,Proteobacteria,Gammaproteobacteria,Enterobacterales,Proteobacteria,Gammaproteobacteria,Vibrionales,5144683,4918,Gammaproteobacteria,,3515.0,GB_GCA_000176055.1,False,False,False,False,False,False,False,False,False,False,False,False,False,False,False,True,True,False,True,False,False,False,False,False,False,False,False,False,False,False,True,False,False
95,0,322_B/Seed485915.4.796.xml,514,1209,191,Seed485915,219,Seed485915,model219,True,1,485915,Desulfohalobium retbaense DSM 5692,Desulfohalobium retbaense,485915.4,"Desulfohalobium retbaense DSM 5692, Desulfohalobium retbaense strain DSM 5692, Desulfohalobium retbaense str. DSM 5692",Other,Mesophile,Anaerobe,Negative,Negative,Desulfobacterota,Desulfovibrionia,Desulfovibrionales,Proteobacteria,Deltaproteobacteria,Desulfovibrionales,2909567,2554,Deltaproteobacteria,442.0,2173.0,RS_GCF_000024325.1,True,False,False,False,False,True,False,True,True,False,False,True,False,True,False,True,True,False,True,False,False,False,False,False,False,False,False,True,False,False,False,False,False
96,0,322_B/Seed537971.5.796.xml,524,1143,209,Seed537971,243,Seed537971,model243,True,1,537971,Helicobacter cinaedi CCUG 18818 = ATCC BAA-847,Helicobacter cinaedi,537971.5,"Helicobacter cinaedi ATCC BAA-847 = CCUG 18818, Helicobacter cinaedi ATCC BAA-847, Helicobacter cinaedi CCUG 18818 = ATCC BAA-847, Helicobacter cinaedi CCUG 18818",,,,Negative,,Campylobacterota,Campylobacteria,Campylobacterales,Proteobacteria,Epsilonproteobacteria,Campylobacterales,2214470,2296,Epsilonproteobacteria,,6768.0,RS_GCF_000155475.1,False,False,False,False,False,False,False,False,False,False,False,False,False,False,False,True,True,False,True,False,False,False,False,False,False,False,False,False,True,False,False,False,False
97,0,322_B/Seed537006.5.796.xml,720,1403,278,Seed537006,240,Seed537006,model240,True,1,537006,Parabacteroides johnsonii DSM 18315,Parabacteroides johnsonii,537006.5,"Parabacteroides johnsonii DSM 18315, Parabacteroides johnsonii JCM 13406, Parabacteroides johnsonii M-165, Parabacteroides johnsonii strain DSM 18315, Parabacteroides johnsonii str. DSM 18315",,,,Negative,Positive,Bacteroidota,Bacteroidia,Bacteroidales,Bacteroidetes,Bacteroidia,Bacteroidales,4787097,4047,Bacteroidetes,,2055.0,RS_GCF_000156495.1,False,False,False,False,False,False,False,False,False,False,False,False,False,False,False,True,True,False,True,False,False,False,True,False,False,False,False,False,False,False,False,False,False
98,0,322_B/Seed693985.5.796.xml,1100,1729,392,Seed693985,298,Seed693985,model299,True,1,693985,Pseudomonas savastanoi pv. savastanoi NCPPB 3335,Pseudomonas savastanoi,693985.5,"Pseudomonas savastanoi pv. savastanoi NCPPB 3335, Pseudomonas savastanoi pv. savastanoi strain NCPPB 3335, Pseudomonas savastanoi pv. savastanoi str. NCPPB 3335",,,,Negative,,Proteobacteria,Gammaproteobacteria,Pseudomonadales,Proteobacteria,Gammaproteobacteria,Pseudomonadales,6016828,5620,Gammaproteobacteria,,2927.0,RS_GCF_000164015.3,False,False,False,False,False,False,False,False,False,False,False,False,False,False,False,True,True,False,True,False,False,False,False,False,False,False,False,False,False,False,True,False,False
99,0,322_B/Seed31964.6.796.xml,698,1371,278,Seed31964,128,Seed31964,model128,True,1,31964,Clavibacter michiganensis subsp.sepedonicus,Clavibacter michiganensis,31964.6,"Aplanobacter sepedonicum (sic) (Spieckermann and Kotthoff 1914) Smith 1920, Aplanobacter sepedonicum, ATCC 33113, Bacterium sepedonicum Spieckermann and Kotthoff 1914, Bacterium sepedonicum, CCUG 23908, CFBP 2049, CIP 104844, Clavibacter michiganense sepedonicum, Clavibacter michiganensis sepedonicum, Clavibacter michiganensis subsp. sepedonicus corrig. (Spieckermann and Kotthoff 1914) Davis et al. 1984, Clavibacter michiganensis subsp. sepedonicus, Clavibacter sepedonicus nom. illegit., Corynebacterium michiganense subsp. sepedonicum (Spieckermann and Kotthoff 1914) Carlson and Vidaver 1982, Corynebacterium michiganense subsp. sepedonicum, Corynebacterium sepedonicum (Spieckermann and Kotthoff 1914) Skaptason and Burkholder 1942 (Approved Lists 1980), Corynebacterium sepedonicum, DSM 20744, ICMP 2535, JCM 9667, LMG 2889, LMG:2889, Mycobacterium sepedonicum (Spieckermann and Kotthoff 1914) Krasil'nikov 1949, Mycobacterium sepedonicum, NCPPB 2137, Phytomonas sepedonica (Spieckermann and Kotthoff 1914) Magrou 1937, Phytomonas sepedonica, Pseudobacterium sepedonicum (Spieckermann and Kotthoff 1914) Krasil'nikov 1949, Pseudobacterium sepedonicum, VKM Ac-1405",Host,Mesophile,Aerobe,Positive,Negative,Actinobacteriota,Actinomycetia,Actinomycetales,Actinobacteria,Actinobacteria,Micrococcales,3411659,3256,Actinobacteria,342.0,5687.0,RS_GCF_002240585.1,True,False,True,False,False,False,False,True,True,False,False,True,True,False,False,True,False,True,True,True,False,False,False,False,False,False,False,False,False,False,False,False,False
100,0,322_B/Seed680198.5.796.xml,1268,1744,380,Seed680198,292,Seed680198,model293,True,1,680198,Streptomyces scabiei 87.22,Streptomyces scabiei,680198.5,"Streptomyces scabiei 87.22, Streptomyces scabiei str. 87.22, Streptomyces scabiei strain 87.22",Soil,Mesophile,Aerobe,,,Actinobacteriota,Actinomycetia,Streptomycetales,Actinobacteria,Actinobacteria,Streptomycetales,10148695,8791,Actinobacteria,1210.0,7677.0,RS_GCF_000091305.1,True,False,False,False,False,False,True,True,True,False,False,True,True,False,False,False,False,False,True,True,False,False,False,False,False,False,False,False,False,False,False,False,False
101,0,322_B/Seed498848.5.796.xml,670,1298,263,Seed498848,220,Seed498848,model220,True,1,498848,Thermus aquaticus Y51MC23,Thermus aquaticus,498848.5,"Thermus aquaticus strain Y51MC23, Thermus aquaticus str. Y51MC23, Thermus aquaticus Y51MC23",,,,Negative,Negative,Deinococcota,Deinococci,Deinococcales,Deinococcus-Thermus,Deinococci,Thermales,2338193,2534,Deinococcus-Thermus,,6862.0,RS_GCF_000173055.1,False,False,False,False,False,False,False,False,False,False,False,False,False,False,False,True,True,False,True,False,False,False,False,False,False,False,True,False,False,False,False,False,False
102,0,322_B/Seed243261.3.796.xml,1479,2019,465,Seed243261,58,Seed243261,model58,True,1,243261,Burkholderia sp.Ch1-1,Burkholderia sp.Ch1-1,243261.3,Burkholderia sp. Ch1-1,,,,,,Proteobacteria,Gammaproteobacteria,Burkholderiales,Proteobacteria,Betaproteobacteria,Burkholderiales,8743528,7949,Betaproteobacteria,,,RS_GCF_000178415.2,False,False,False,False,False,False,False,False,False,False,False,False,False,False,False,False,False,False,True,False,False,False,False,True,False,False,False,False,False,False,False,False,False
103,0,322_B/Seed270374.3.796.xml,1000,1616,366,Seed270374,86,Seed270374,model86,True,1,270374,Marinobacter sp.ELB17,Marinobacter sp.ELB17,270374.3,Marinobacter sp. ELB17,,,,,,Proteobacteria,Gammaproteobacteria,Pseudomonadales,Proteobacteria,Gammaproteobacteria,Alteromonadales,4894744,4726,Gammaproteobacteria,,,RS_GCF_000169375.1,False,False,False,False,False,False,False,False,False,False,False,False,False,False,False,False,False,False,True,False,False,False,False,False,False,False,False,False,False,False,True,False,False
104,0,322_B/Seed543728.3.796.xml,1379,1767,413,Seed543728,245,Seed543728,model245,True,1,543728,Variovorax paradoxus S110,Variovorax paradoxus,543728.3,"Variovorax paradoxus S110, Variovorax paradoxus strain S110, Variovorax paradoxus str. S110",Soil,Mesophile,Aerobe,Negative,Negative,Proteobacteria,Gammaproteobacteria,Burkholderiales,Proteobacteria,Betaproteobacteria,Burkholderiales,6754997,6303,Betaproteobacteria,1310.0,1946.0,RS_GCF_000023345.1,True,False,False,False,False,False,True,True,True,False,False,True,True,False,False,True,True,False,True,False,False,False,False,True,False,False,False,False,False,False,False,False,False
105,0,322_B/Seed68909.1.796.xml,712,1490,336,Seed68909,295,Seed68909,model296,True,1,68909,Deinococcus geothermalis,Deinococcus geothermalis,68909.1,"CIP 105573, Deinococcus geothermalis Ferreira et al. 1997, Deinococcus geothermalis, DSM 11300, strain AG-3a",Fresh water,Thermophile,Aerobe,Positive,,Deinococcota,Deinococci,Deinococcales,Deinococcus-Thermus,Deinococci,Deinococcales,3019731,3005,Deinococcus-Thermus,427.0,1063.0,GB_GCA_002384255.1,True,True,False,False,False,False,False,True,False,False,True,True,True,False,False,True,False,True,True,False,False,False,False,False,False,False,True,False,False,False,False,False,False
106,0,322_B/Seed563040.3.796.xml,573,1243,236,Seed563040,249,Seed563040,model249,True,1,563040,Sulfurimonas autotrophica DSM 16294,Sulfurimonas autotrophica,563040.3,"Sulfurimonas autotrophica DSM 16294, Sulfurimonas autotrophica OK10, Sulfurimonas autotrophica strain DSM 16294, Sulfurimonas autotrophica str. DSM 16294",Marine,Mesophile,Aerobe,Negative,,Campylobacterota,Campylobacteria,Campylobacterales,Proteobacteria,Epsilonproteobacteria,Campylobacterales,2153198,2162,Epsilonproteobacteria,1218.0,5166.0,RS_GCF_000147355.1,True,False,False,False,True,False,False,True,True,False,False,True,True,False,False,True,True,False,True,False,False,False,False,False,False,False,False,False,True,False,False,False,False
107,0,322_B/Seed217.1.796.xml,474,1125,199,Seed217,36,Seed217,model36,True,1,217,Helicobacter mustelae,Helicobacter mustelae,217.1,"ATCC 43772, Campylobacter mustelae (Fox et al. 1988) Fox et al. 1989, Campylobacter mustelae, Campylobacter pylori mustelae, Campylobacter pylori subsp. mustelae Fox et al. 1988, Campylobacter pylori subsp. mustelae, CCUG 25715, CIP 103759, Helicobacter mustelae (Fox et al. 1988) Goodwin et al. 1989, Helicobacter mustelae, LMG 13647, LMG:13647, NCTC 12198, strain R85-13-6",Host,Mesophile,Aerobe,Negative,Negative,Campylobacterota,Campylobacteria,Campylobacterales,Proteobacteria,Epsilonproteobacteria,Campylobacterales,1693077,1534,Epsilonproteobacteria,612.0,4952.0,RS_GCF_900451085.1,True,False,True,False,False,False,False,True,True,False,False,True,True,False,False,True,True,False,True,False,False,False,False,False,False,False,False,False,True,False,False,False,False
108,0,322_B/Seed360107.5.796.xml,464,1099,201,Seed360107,155,Seed360107,model155,True,1,360107,Campylobacter hominis ATCC BAA-381,Campylobacter hominis,360107.5,"Campylobacter hominis ATCC BAA-381, Campylobacter hominis strain ATCC BAA-381, Campylobacter hominis str. ATCC BAA-381",Host,Mesophile,Aerobe,Negative,Positive,Campylobacterota,Campylobacteria,Campylobacterales,Proteobacteria,Epsilonproteobacteria,Campylobacterales,1714951,1637,Epsilonproteobacteria,247.0,4582.0,RS_GCF_000017585.1,True,False,True,False,False,False,False,True,True,False,False,True,True,False,False,True,True,False,True,False,False,False,False,False,False,False,False,False,True,False,False,False,False
109,0,322_B/Seed864569.5.796.xml,635,1260,229,Seed864569,317,Seed864569,model318,True,1,864569,Streptococcus equinus ATCC 700338,Streptococcus equinus,864569.5,"Streptococcus bovis ATCC 700338, Streptococcus equinus ATCC 700338",,,,Positive,Negative,Firmicutes,Bacilli,Lactobacillales,Firmicutes,Bacilli,Lactobacillales,2083084,1975,Firmicutes,,5930.0,RS_GCF_000146405.1,False,False,False,False,False,False,False,False,False,False,False,False,False,False,False,True,False,True,True,False,False,False,False,False,False,False,False,False,False,True,False,False,False
110,0,322_B/Seed535289.3.796.xml,884,1547,339,Seed535289,238,Seed535289,model238,True,1,535289,Acidovorax ebreus TPSY,Acidovorax ebreus,535289.3,"Acidovorax ebreus strain TPSY, Acidovorax ebreus str. TPSY, Acidovorax ebreus TPSY, Diaphorobacter sp. TPSY",Fresh water,Mesophile,Facultative,Negative,,Proteobacteria,Gammaproteobacteria,Burkholderiales,Proteobacteria,Betaproteobacteria,Burkholderiales,3796573,3526,Betaproteobacteria,20.0,4268.0,RS_GCF_000022305.1,True,True,False,False,False,False,False,True,True,False,False,True,False,False,True,True,True,False,True,False,False,False,False,True,False,False,False,False,False,False,False,False,False
111,0,322_B/Seed744980.3.796.xml,1073,1643,365,Seed744980,302,Seed744980,model303,True,1,744980,Roseibium sp.TrichSKD4,Roseibium sp.TrichSKD4,744980.3,Roseibium sp. TrichSKD4,,,,,,Proteobacteria,Alphaproteobacteria,Rhizobiales,Proteobacteria,Alphaproteobacteria,Rhodobacterales,5696886,5729,Alphaproteobacteria,,,RS_GCF_000148725.1,False,False,False,False,False,False,False,False,False,False,False,False,False,False,False,False,False,False,True,False,True,False,False,False,False,False,False,False,False,False,False,False,False
112,0,322_B/Seed396595.4.796.xml,651,1241,222,Seed396595,179,Seed396595,model179,True,1,396595,Thioalkalivibrio sp.K90mix,Thioalkalivibrio sp.K90mix,396595.4,Thioalkalivibrio sp. K90mix,Other,Mesophile,Aerobe,,,Proteobacteria,Gammaproteobacteria,Ectothiorhodospirales,Proteobacteria,Gammaproteobacteria,Chromatiales,2985056,2893,Gammaproteobacteria,1287.0,,RS_GCF_000025545.1,True,False,False,False,False,True,False,True,True,False,False,True,True,False,False,False,False,False,True,False,False,False,False,False,False,False,False,False,False,False,True,False,False
113,0,322_B/Seed667128.3.796.xml,696,1527,345,Seed667128,288,Seed667128,model289,True,1,667128,Pasteurella dagmatis ATCC 43325,Pasteurella dagmatis,667128.3,"Pasteurella dagmatis ATCC 43325, Pasteurella dagmatis strain ATCC 43325, Pasteurella dagmatis str. ATCC 43325",,,,Negative,Negative,Proteobacteria,Gammaproteobacteria,Enterobacterales,Proteobacteria,Gammaproteobacteria,Pasteurellales,2263252,2017,Gammaproteobacteria,,5499.0,RS_GCF_000163475.1,False,False,False,False,False,False,False,False,False,False,False,False,False,False,False,True,True,False,True,False,False,False,False,False,False,False,False,False,False,False,True,False,False
114,0,322_B/Seed638300.3.796.xml,599,1258,238,Seed638300,275,Seed638300,model276,True,1,638300,Cardiobacterium hominis ATCC 15826,Cardiobacterium hominis,638300.3,"Cardiobacterium hominis ATCC 15826, Cardiobacterium hominis strain ATCC 15826, Cardiobacterium hominis str. ATCC 15826",,,,Negative,,Proteobacteria,Gammaproteobacteria,Cardiobacteriales,Proteobacteria,Gammaproteobacteria,Cardiobacteriales,2642494,2414,Gammaproteobacteria,,6537.0,RS_GCF_000160655.1,False,False,False,False,False,False,False,False,False,False,False,False,False,False,False,True,True,False,True,False,False,False,False,False,False,False,False,False,False,False,True,False,False
115,0,322_B/Seed391038.7.796.xml,1541,1936,490,Seed391038,170,Seed391038,model170,True,1,391038,Paraburkholderia phymatum STM815,Paraburkholderia phymatum,391038.7,"Burkholderia phymatum STM815, Burkholderia sp. STM815, Paraburkholderia phymatum STM815","Host,Soil",Mesophile,Facultative,,,Proteobacteria,Gammaproteobacteria,Burkholderiales,Proteobacteria,Betaproteobacteria,Burkholderiales,8598258,7813,Betaproteobacteria,223.0,,RS_GCF_902833665.1,True,False,True,False,False,False,True,True,True,False,False,True,False,False,True,False,False,False,True,False,False,False,False,True,False,False,False,False,False,False,False,False,False
116,0,322_B/Seed671076.4.796.xml,949,1698,405,Seed671076,289,Seed671076,model290,True,1,671076,Vibrio mimicus VM573,Vibrio mimicus,671076.4,"Vibrio mimicus strain VM573, Vibrio mimicus str. VM573, Vibrio mimicus VM573",,,,Negative,Positive,Proteobacteria,Gammaproteobacteria,Enterobacterales,Proteobacteria,Gammaproteobacteria,Vibrionales,4366551,4103,Gammaproteobacteria,,7580.0,RS_GCF_000175995.1,False,False,False,False,False,False,False,False,False,False,False,False,False,False,False,True,True,False,True,False,False,False,False,False,False,False,False,False,False,False,True,False,False
117,0,322_B/Seed232721.5.796.xml,871,1595,371,Seed232721,50,Seed232721,model50,True,1,232721,Acidovorax sp.JS42,Acidovorax sp.JS42,232721.5,Acidovorax sp. JS42,Soil,Mesophile,Aerobe,,,Proteobacteria,Gammaproteobacteria,Burkholderiales,Proteobacteria,Betaproteobacteria,Burkholderiales,4585154,4339,Betaproteobacteria,21.0,,RS_GCF_000015545.1,True,False,False,False,False,False,True,True,True,False,False,True,True,False,False,False,False,False,True,False,False,False,False,True,False,False,False,False,False,False,False,False,False
118,0,322_B/Seed391597.3.796.xml,676,1370,254,Seed391597,174,Seed391597,model174,True,1,391597,Limnobacter sp.MED105,Limnobacter sp.MED105,391597.3,Limnobacter sp. MED105,,,,,,Proteobacteria,Gammaproteobacteria,Burkholderiales,Proteobacteria,Betaproteobacteria,Burkholderiales,3390271,3191,Betaproteobacteria,,,RS_GCF_000170915.1,False,False,False,False,False,False,False,False,False,False,False,False,False,False,False,False,False,False,True,False,False,False,False,True,False,False,False,False,False,False,False,False,False
119,0,322_B/Seed613026.4.796.xml,511,1186,222,Seed613026,266,Seed613026,model266,True,1,613026,Helicobacter bilis ATCC 43879,Helicobacter bilis,613026.4,"Flexispira rappini CCUG 23435, Helicobacter bilis ATCC 43879, Helicobacter bilis strain ATCC 43879, Helicobacter bilis str. ATCC 43879",,,,Negative,,Campylobacterota,Campylobacteria,Campylobacterales,Proteobacteria,Epsilonproteobacteria,Campylobacterales,2530521,2354,Epsilonproteobacteria,,2012.0,RS_GCF_000158435.2,False,False,False,False,False,False,False,False,False,False,False,False,False,False,False,True,True,False,True,False,False,False,False,False,False,False,False,False,True,False,False,False,False
120,0,322_B/Seed472759.3.796.xml,783,1454,294,Seed472759,217,Seed472759,model217,True,1,472759,Nitrosococcus halophilus Nc 4,Nitrosococcus halophilus,472759.3,"Nitrosococcus halophilus Nc 4, Nitrosococcus halophilus strain Nc 4, Nitrosococcus halophilus str. Nc 4",Marine,Mesophile,Aerobe,Negative,Negative,Proteobacteria,Gammaproteobacteria,Nitrosococcales,Proteobacteria,Gammaproteobacteria,Chromatiales,4145260,3992,Gammaproteobacteria,848.0,5039.0,RS_GCF_000024725.1,True,False,False,False,True,False,False,True,True,False,False,True,True,False,False,True,True,False,True,False,False,False,False,False,False,False,False,False,False,False,True,False,False
121,0,322_B/Seed259536.19.796.xml,650,1377,285,Seed259536,69,Seed259536,model69,True,1,259536,Psychrobacter arcticus 273-4,Psychrobacter arcticus,259536.19,"Psychrobacter arcticus 273-4, Psychrobacter arcticus str. 273-4, Psychrobacter arcticus strain 273-4, Psychrobacter sp. 273-4","Soil,Fresh water",Psychrophile,Aerobe,Negative,Negative,Proteobacteria,Gammaproteobacteria,Pseudomonadales,Proteobacteria,Gammaproteobacteria,Pseudomonadales,2650701,2199,Gammaproteobacteria,970.0,2730.0,RS_GCF_000012305.1,True,True,False,False,False,False,True,True,False,True,False,True,True,False,False,True,True,False,True,False,False,False,False,False,False,False,False,False,False,False,True,False,False
122,0,322_B/Seed365044.20.796.xml,997,1653,352,Seed365044,159,Seed365044,model159,True,1,365044,Polaromonas naphthalenivorans CJ2,Polaromonas naphthalenivorans,365044.2,"Polaromonas naphthalenivorans CJ2, Polaromonas naphthalenivorans strain CJ2, Polaromonas naphthalenivorans str. CJ2",Fresh water,Mesophile,Aerobe,Negative,Negative,Proteobacteria,Gammaproteobacteria,Burkholderiales,Proteobacteria,Betaproteobacteria,Burkholderiales,5366143,5020,Betaproteobacteria,913.0,3923.0,RS_GCF_000015505.1,True,True,False,False,False,False,False,True,True,False,False,True,True,False,False,True,True,False,True,False,False,False,False,True,False,False,False,False,False,False,False,False,False
123,0,322_B/Seed580331.4.796.xml,662,1224,218,Seed580331,256,Seed580331,model256,True,1,580331,Thermoanaerobacter italicus Ab9,Thermoanaerobacter italicus,580331.4,"Thermoanaerobacter italicus Ab9, Thermoanaerobacter italicus DSM 9252, Thermoanaerobacter italicus str. Ab9, Thermoanaerobacter italicus strain Ab9",Fresh water,Thermophile,Anaerobe,Negative,Negative,Firmicutes_A,Thermoanaerobacteria,Thermoanaerobacterales,Firmicutes,Clostridia,Thermoanaerobacterales,2451061,2382,Firmicutes,1251.0,6478.0,RS_GCF_000025645.1,True,True,False,False,False,False,False,True,False,False,True,True,False,True,False,True,True,False,True,False,False,False,False,False,False,False,False,False,False,True,False,False,False
124,0,322_B/Seed391624.3.796.xml,937,1533,336,Seed391624,176,Seed391624,model176,True,1,391624,Oceanibulbus indolifex HEL-45,Oceanibulbus indolifex,391624.3,"Oceanibulbus indolifex HEL-45, Sulfitobacter indolifex HEL-45",,,,Negative,,Proteobacteria,Alphaproteobacteria,Rhodobacterales,Proteobacteria,Alphaproteobacteria,Rhodobacterales,4105524,4086,Alphaproteobacteria,,5759.0,RS_GCF_000172095.1,False,False,False,False,False,False,False,False,False,False,False,False,False,False,False,True,True,False,True,False,True,False,False,False,False,False,False,False,False,False,False,False,False
125,0,322_B/Seed402881.6.796.xml,769,1468,305,Seed402881,188,Seed402881,model188,True,1,402881,Parvibaculum lavamentivorans DS-1,Parvibaculum lavamentivorans,402881.6,"Parvibaculum lavamentivorans DS-1, Parvibaculum lavamentivorans strain DS-1, Parvibaculum lavamentivorans str. DS-1",Other,Mesophile,Aerobe,Negative,,Proteobacteria,Alphaproteobacteria,Parvibaculales,Proteobacteria,Alphaproteobacteria,Rhizobiales,3914745,3703,Alphaproteobacteria,889.0,3431.0,RS_GCF_000017565.1,True,False,False,False,False,True,False,True,True,False,False,True,True,False,False,True,True,False,True,False,True,False,False,False,False,False,False,False,False,False,False,False,False
126,0,322_B/Seed760570.3.796.xml,565,1154,216,Seed760570,307,Seed760570,model308,True,1,760570,Streptococcus parasanguinis ATCC 15912,Streptococcus parasanguinis,760570.3,"Streptococcus parasanguinis ATCC 15912, Streptococcus parasanguinis CCUG 30417, Streptococcus parasanguinis CIP 104372, Streptococcus parasanguinis DSM 6778, Streptococcus parasanguinis GIFU 12468, Streptococcus parasanguinis GTC498, Streptococcus parasanguinis LMG 14537, Streptococcus parasanguinis strain ATCC 15912, Streptococcus parasanguinis str. ATCC 15912",Host,Mesophile,Aerobe,Positive,Positive,Firmicutes,Bacilli,Lactobacillales,Firmicutes,Bacilli,Lactobacillales,2153652,1982,Firmicutes,1162.0,6325.0,RS_GCF_000164675.2,True,False,True,False,False,False,False,True,True,False,False,True,True,False,False,True,False,True,True,False,False,False,False,False,False,False,False,False,False,True,False,False,False
127,0,322_B/Seed649639.3.796.xml,877,1614,379,Seed649639,285,Seed649639,model286,True,1,649639,Bacillus cellulosilyticus DSM 2522,Bacillus cellulosilyticus,649639.3,"Bacillus cellulosilyticus DSM 2522, Bacillus cellulosilyticus strain DSM 2522, Bacillus cellulosilyticus str. DSM 2522, Bacillus sp. ATCC 21833, Bacillus sp. N-4, Bacillus sp. (STRAIN N-4)",Soil,Mesophile,Facultative,Positive,Negative,Firmicutes,Bacilli,Bacillales_H,Firmicutes,Bacilli,Bacillales,4681672,4327,Firmicutes,98.0,1852.0,RS_GCF_000177235.2,True,False,False,False,False,False,True,True,True,False,False,True,False,False,True,True,False,True,True,False,False,False,False,False,False,False,False,False,False,True,False,False,False
128,0,322_B/Seed557599.3.796.xml,978,1550,342,Seed557599,248,Seed557599,model248,True,1,557599,Mycobacterium kansasii ATCC 12478,Mycobacterium kansasii,557599.3,"Mycobacterium kansasii ATCC 12478, Mycobacterium kansasii strain ATCC 12478, Mycobacterium kansasii str. ATCC 12478",,,,,Negative,Actinobacteriota,Actinomycetia,Mycobacteriales,Actinobacteria,Actinobacteria,Corynebacteriales,6577228,5798,Actinobacteria,,5643.0,RS_GCF_000157895.3,False,False,False,False,False,False,False,False,False,False,False,False,False,False,False,False,False,False,True,True,False,False,False,False,False,False,False,False,False,False,False,False,False
129,0,322_B/Seed381666.6.796.xml,1416,1810,458,Seed381666,166,Seed381666,model166,True,1,381666,Ralstonia eutropha H16,Ralstonia eutropha,381666.6,"Alcaligenes eutropha H16, Cupriavidus necator ATCC 17699, Cupriavidus necator H16, Ralstonia eutropha ATCC 17699, Ralstonia eutropha H16, Ralstonia eutropha strain H16, Ralstonia eutropha str. H16, Wautersia eutropha H16","Soil,Fresh water",Mesophile,Aerobe,,,Proteobacteria,Gammaproteobacteria,Burkholderiales,Proteobacteria,Betaproteobacteria,Burkholderiales,7414561,6750,Betaproteobacteria,976.0,,RS_GCF_004798725.1,True,True,False,False,False,False,True,True,True,False,False,True,True,False,False,False,False,False,True,False,False,False,False,True,False,False,False,False,False,False,False,False,False
130,0,322_B/Seed525897.4.796.xml,670,1228,218,Seed525897,233,Seed525897,model233,True,1,525897,Desulfomicrobium baculatum DSM 4028,Desulfomicrobium baculatum,525897.4,"Desulfomicrobium baculatum DSM 4028, Desulfomicrobium baculatum strain DSM 4028, Desulfomicrobium baculatum str. DSM 4028",,Mesophile,Anaerobe,Negative,Negative,Desulfobacterota,Desulfovibrionia,Desulfovibrionales,Proteobacteria,Deltaproteobacteria,Desulfovibrionales,3942657,3455,Deltaproteobacteria,443.0,6826.0,RS_GCF_000023225.1,False,False,False,False,False,False,False,True,True,False,False,True,False,True,False,True,True,False,True,False,False,False,False,False,False,False,False,True,False,False,False,False,False
131,0,322_B/Seed292414.10.796.xml,945,1553,329,Seed292414,107,Seed292414,model107,True,1,292414,Ruegeria sp.TM1040,Ruegeria sp.TM1040,292414.1,"Ruegeria sp. TM1040, Silicibacter sp. TM1040","Host,Marine",Mesophile,Aerobe,,,Proteobacteria,Alphaproteobacteria,Rhodobacterales,Proteobacteria,Alphaproteobacteria,Rhodobacterales,4153699,3916,Alphaproteobacteria,1040.0,,RS_GCF_000014065.1,True,False,True,False,True,False,False,True,True,False,False,True,True,False,False,False,False,False,True,False,True,False,False,False,False,False,False,False,False,False,False,False,False
132,0,322_B/Seed226185.1.796.xml,731,1427,296,Seed226185,46,Seed226185,model46,True,1,226185,Enterococcus faecalis V583,Enterococcus faecalis,226185.1,"Enterococcus faecalis strain V583, Enterococcus faecalis str. V583, Enterococcus faecalis V583",Human,Mesophile,Facultative,Positive,Negative,Firmicutes,Bacilli,Lactobacillales,Firmicutes,Bacilli,Lactobacillales,3359974,3271,Firmicutes,485.0,1729.0,RS_GCF_000007785.1,True,False,False,True,False,False,False,True,True,False,False,True,False,False,True,True,False,True,True,False,False,False,False,False,False,False,False,False,False,True,False,False,False
133,0,322_B/Seed608538.3.796.xml,560,1071,189,Seed608538,264,Seed608538,model264,True,1,608538,Hydrogenobacter thermophilus TK-6,Hydrogenobacter thermophilus,608538.3,"Hydrogenobacter thermophilus DSM 6534, Hydrogenobacter thermophilus strain TK-6, Hydrogenobacter thermophilus str. TK-6, Hydrogenobacter thermophilus TK-6",Other,Thermophile,Aerobe,Negative,Negative,Aquificota,Aquificae,Aquificales,Aquificae,Aquificae,Aquificales,1742932,1902,Aquificae,629.0,1666.0,RS_GCF_000164905.1,True,False,False,False,False,True,False,True,False,False,True,True,True,False,False,True,True,False,True,False,False,True,False,False,False,False,False,False,False,False,False,False,False
134,0,322_B/Seed220664.3.796.xml,1261,1887,463,Seed220664,37,Seed220664,model37,True,1,220664,Pseudomonas protegens Pf-5,Pseudomonas protegens,220664.3,"Pseudomonas fluorescens Pf-5, Pseudomonas protegens Pf-5, Pseudomonas protegens strain Pf-5, Pseudomonas protegens str. Pf-5, Pseudomonas sp. Pf-5","Soil,Fresh water",Mesophile,Aerobe,Negative,,Proteobacteria,Gammaproteobacteria,Pseudomonadales,Proteobacteria,Gammaproteobacteria,Pseudomonadales,7074893,6276,Gammaproteobacteria,951.0,722.0,RS_GCF_000012265.1,True,True,False,False,False,False,True,True,True,False,False,True,True,False,False,True,True,False,True,False,False,False,False,False,False,False,False,False,False,False,True,False,False
135,0,322_B/Seed641149.3.796.xml,641,1367,284,Seed641149,280,Seed641149,model281,True,1,641149,Neisseria sp.oral taxon 014 str. F0314,Neisseria sp.oral,641149.3,"Neisseria sp. oral taxon 014 strain F0314, Neisseria sp. oral taxon 014 str. F0314",,,,,,Proteobacteria,Gammaproteobacteria,Burkholderiales,Proteobacteria,Betaproteobacteria,Neisseriales,2515760,2341,Betaproteobacteria,,,RS_GCF_000090875.1,False,False,False,False,False,False,False,False,False,False,False,False,False,False,False,False,False,False,True,False,False,False,False,True,False,False,False,False,False,False,False,False,False
136,0,322_B/Seed610130.3.796.xml,989,1499,314,Seed610130,265,Seed610130,model265,True,1,610130,[Clostridium] saccharolyticum WM1,[Clostridium] saccharolyticum,610130.3,"Clostridium saccharolyticum DSM 2544, [Clostridium] saccharolyticum WM1, Clostridium saccharolyticum WM1",Other,Mesophile,Anaerobe,Negative,,Firmicutes_A,Clostridia,Lachnospirales,Firmicutes,Clostridia,Clostridiales,4662871,4241,Firmicutes,372.0,4721.0,RS_GCF_000144625.1,True,False,False,False,False,True,False,True,True,False,False,True,False,True,False,True,True,False,True,False,False,False,False,False,False,False,False,False,False,True,False,False,False
137,0,322_B/Seed210007.1.796.xml,549,1159,205,Seed210007,31,Seed210007,model31,True,1,210007,Streptococcus mutans UA159,Streptococcus mutans,210007.1,"Streptococcus mutans str. UA159, Streptococcus mutans UA159",Host,Mesophile,Facultative,Positive,Positive,Firmicutes,Bacilli,Lactobacillales,Firmicutes,Bacilli,Lactobacillales,2032925,1897,Firmicutes,1160.0,1151.0,RS_GCF_000007465.2,True,False,True,False,False,False,False,True,True,False,False,True,False,False,True,True,False,True,True,False,False,False,False,False,False,False,False,False,False,True,False,False,False
138,0,322_B/Seed349101.4.796.xml,1007,1675,379,Seed349101,146,Seed349101,model146,True,1,349101,Rhodobacter sphaeroides ATCC 17029,Rhodobacter sphaeroides,349101.4,"Rhodobacter sphaeroides ATCC 17029, Rhodobacter sphaeroides strain ATCC 17029, Rhodobacter sphaeroides str. ATCC 17029",,Mesophile,Facultative,Negative,,Proteobacteria,Alphaproteobacteria,Rhodobacterales,Proteobacteria,Alphaproteobacteria,Rhodobacterales,4489380,4212,Alphaproteobacteria,994.0,314.0,RS_GCF_000015985.1,False,False,False,False,False,False,False,True,True,False,False,True,False,False,True,True,True,False,True,False,True,False,False,False,False,False,False,False,False,False,False,False,False
139,0,322_B/Seed537970.5.796.xml,1005,1106,199,Seed537970,242,Seed537970,model242,True,1,537970,Helicobacter canadensis MIT 98-5491,Helicobacter canadensis,537970.5,"Helicobacter canadensis ATCC 700968, Helicobacter canadensis H438, Helicobacter canadensis MIT 98-5491, Helicobacter canadensis NCTC 13241, Helicobacter canadensis NLEP-16143, Helicobacter canadensis strain MIT 98-5491, Helicobacter canadensis str. MIT 98-5491",,,,Negative,,Campylobacterota,Campylobacteria,Campylobacterales,Proteobacteria,Epsilonproteobacteria,Campylobacterales,1633489,1582,Epsilonproteobacteria,,2081.0,RS_GCF_000155455.1,False,False,False,False,False,False,False,False,False,False,False,False,False,False,False,True,True,False,True,False,False,False,False,False,False,False,False,False,True,False,False,False,False
140,0,322_B/Seed412694.5.796.xml,1103,1851,435,Seed412694,199,Seed412694,model199,True,1,412694,Bacillus thuringiensis str. Al Hakam,Bacillus thuringiensis,412694.5,"Bacillus thuringiensis 'Al Hakam', Bacillus thuringiensis strain Al Hakam, Bacillus thuringiensis str. Al Hakam","Host,Soil",Mesophile,Facultative,,,Firmicutes,Bacilli,Bacillales,Firmicutes,Bacilli,Bacillales,5313030,5363,Firmicutes,125.0,,RS_GCF_000015065.1,True,False,True,False,False,False,True,True,True,False,False,True,False,False,True,False,False,False,True,False,False,False,False,False,False,False,False,False,False,True,False,False,False
141,0,322_B/Seed295405.11.796.xml,746,1652,282,Seed295405,110,Seed295405,model110,True,1,295405,Bacteroides fragilis YCH46,Bacteroides fragilis,295405.11,"Bacteroides fragilis strain YCH46, Bacteroides fragilis str. YCH46, Bacteroides fragilis YCH46",Human,Mesophile,Anaerobe,Negative,Positive,Bacteroidota,Bacteroidia,Bacteroidales,Bacteroidetes,Bacteroidia,Bacteroidales,5310990,4416,Bacteroidetes,131.0,505.0,RS_GCF_000009925.1,True,False,False,True,False,False,False,True,True,False,False,True,False,True,False,True,True,False,True,False,False,False,True,False,False,False,False,False,False,False,False,False,False
142,0,322_B/Seed675817.3.796.xml,931,1667,401,Seed675817,291,Seed675817,model292,True,1,675817,Photobacterium damselae subsp.damselae CIP 102761,Photobacterium damselae,675817.3,"Photobacterium damselae subsp. damselae CIP 102761, Photobacterium damselae subsp. damselae strain CIP 102761, Photobacterium damselae subsp. damselae str. CIP 102761",,,,Negative,Negative,Proteobacteria,Gammaproteobacteria,Enterobacterales,Proteobacteria,Gammaproteobacteria,Vibrionales,5046328,4443,Gammaproteobacteria,,7586.0,RS_GCF_000176795.1,False,False,False,False,False,False,False,False,False,False,False,False,False,False,False,True,True,False,True,False,False,False,False,False,False,False,False,False,False,False,True,False,False
143,0,322_B/Seed331271.3.796.xml,1331,2017,532,Seed331271,139,Seed331271,model139,True,1,331271,Burkholderia cenocepacia AU 1054,Burkholderia cenocepacia,331271.3,Burkholderia cenocepacia AU 1054,Host,Mesophile,Facultative,Negative,,Proteobacteria,Gammaproteobacteria,Burkholderiales,Proteobacteria,Betaproteobacteria,Burkholderiales,7279116,6514,Betaproteobacteria,210.0,545.0,RS_GCF_000014085.1,True,False,True,False,False,False,False,True,True,False,False,True,False,False,True,True,True,False,True,False,False,False,False,True,False,False,False,False,False,False,False,False,False
144,0,322_B/Seed546267.4.796.xml,570,1197,233,Seed546267,246,Seed546267,model246,True,1,546267,Neisseria polysaccharea ATCC 43768,Neisseria polysaccharea,546267.4,"Neisseria polysaccharea ATCC 43768, Neisseria polysaccharea strain ATCC 43768, Neisseria polysaccharea str. ATCC 43768",,,,Negative,Positive,Proteobacteria,Gammaproteobacteria,Burkholderiales,Proteobacteria,Betaproteobacteria,Neisseriales,2030958,2034,Betaproteobacteria,,6536.0,RS_GCF_000176735.1,False,False,False,False,False,False,False,False,False,False,False,False,False,False,False,True,True,False,True,False,False,False,False,True,False,False,False,False,False,False,False,False,False
145,0,322_B/Seed391037.3.796.xml,957,1529,336,Seed391037,169,Seed391037,model169,True,1,391037,Salinispora arenicola CNS-205,Salinispora arenicola,391037.3,"Salinispora arenicola CNS-205, Salinispora arenicola strain CNS-205, Salinispora arenicola str. CNS-205","Fresh water,Marine",Mesophile,Aerobe,Positive,Negative,Actinobacteriota,Actinomycetia,Mycobacteriales,Actinobacteria,Actinobacteria,Micromonosporales,5786361,5095,Actinobacteria,1048.0,252.0,RS_GCF_000018265.1,True,True,False,False,True,False,False,True,True,False,False,True,True,False,False,True,False,True,True,True,False,False,False,False,False,False,False,False,False,False,False,False,False
146,0,322_B/Seed380749.4.796.xml,470,943,138,Seed380749,165,Seed380749,model165,True,1,380749,Hydrogenobaculum sp.Y04AAS1,Hydrogenobaculum sp.Y04AAS1,380749.4,Hydrogenobaculum sp. Y04AAS1,Fresh water,Thermophile,Aerobe,,,Aquificota,Aquificae,Aquificales,Aquificae,Aquificae,Aquificales,1559514,1636,Aquificae,630.0,,RS_GCF_000020785.1,True,True,False,False,False,False,False,True,False,False,True,True,True,False,False,False,False,False,True,False,False,True,False,False,False,False,False,False,False,False,False,False,False
147,0,322_B/Seed360106.5.796.xml,524,1249,242,Seed360106,154,Seed360106,model154,True,1,360106,Campylobacter fetus subsp.fetus 82-40,Campylobacter fetus,360106.5,"Campylobacter fetus subsp. fetus 82-40, Campylobacter fetus subsp. fetus str. 82-40, Campylobacter fetus subsp. fetus strain 82-40",Host,Mesophile,Aerobe,Negative,Negative,Campylobacterota,Campylobacteria,Campylobacterales,Proteobacteria,Epsilonproteobacteria,Campylobacterales,1773615,1741,Epsilonproteobacteria,246.0,580.0,RS_GCF_000015085.1,True,False,True,False,False,False,False,True,True,False,False,True,True,False,False,True,True,False,True,False,False,False,False,False,False,False,False,False,True,False,False,False,False
148,0,322_B/Seed78245.7.796.xml,1087,1630,355,Seed78245,312,Seed78245,model313,True,1,78245,Xanthobacter autotrophicus Py2,Xanthobacter autotrophicus,78245.7,"Xanthobacter autotrophicus Py2, Xanthobacter autotrophicus strain Py2, Xanthobacter autotrophicus str. Py2, Xanthobacter sp. Py2","Soil,Fresh water",Mesophile,Facultative,,,Proteobacteria,Alphaproteobacteria,Rhizobiales,Proteobacteria,Alphaproteobacteria,Rhizobiales,5625098,5177,Alphaproteobacteria,1338.0,4594.0,RS_GCF_000017645.1,True,True,False,False,False,False,True,True,True,False,False,True,False,False,True,False,False,False,True,False,True,False,False,False,False,False,False,False,False,False,False,False,False
